date,concept,type,cord,usd
2018-01-01,Activos fijos y otros activos,actualizado,1560377317.97,48557485
2019-01-01,Activos fijos y otros activos,actualizado,1765826610.21,52391050
2020-01-01,Activos fijos y otros activos,actualizado,1443190710.58,41869975
2018-01-01,Activos fijos y otros activos,ejecutado,1332767912.03,41474493
2019-01-01,Activos fijos y otros activos,ejecutado,1501290893.35,44542429
2018-01-01,Activos no producidos,actualizado,20947394.94,651863.37
2019-01-01,Activos no producidos,actualizado,35651097.68,1057747.36
2020-01-01,Activos no producidos,actualizado,136086247.04,3948146.04
2018-01-01,Activos no producidos,ejecutado,20947393.11,651863.32
2019-01-01,Activos no producidos,ejecutado,35629133.72,1057095.7
2005-01-01,Arrendamientos de tierras y terrenos,actualizado,0,0
2006-01-01,Arrendamientos de tierras y terrenos,actualizado,0,0
2007-01-01,Arrendamientos de tierras y terrenos,actualizado,0,0
2008-01-01,Arrendamientos de tierras y terrenos,actualizado,0,0
2009-01-01,Arrendamientos de tierras y terrenos,actualizado,0,0
2010-01-01,Arrendamientos de tierras y terrenos,actualizado,0,0
2011-01-01,Arrendamientos de tierras y terrenos,actualizado,0,0
2012-01-01,Arrendamientos de tierras y terrenos,actualizado,0,0
2013-01-01,Arrendamientos de tierras y terrenos,actualizado,1634382.4,64912.27113
2014-01-01,Arrendamientos de tierras y terrenos,actualizado,625126.05,23645.66116
2015-01-01,Arrendamientos de tierras y terrenos,actualizado,4872832.82,175539.95964
2016-01-01,Arrendamientos de tierras y terrenos,actualizado,4199180.37,144066.36119
2017-01-01,Arrendamientos de tierras y terrenos,actualizado,11685252.14,381815.93414
2018-01-01,Arrendamientos de tierras y terrenos,actualizado,760489.23,23665.71478
2019-01-01,Arrendamientos de tierras y terrenos,actualizado,577791.69,17142.74383
2020-01-01,Arrendamientos de tierras y terrenos,actualizado,2829667.75,82094.56704
2005-01-01,Arrendamientos de tierras y terrenos,ejecutado,0,0
2006-01-01,Arrendamientos de tierras y terrenos,ejecutado,0,0
2007-01-01,Arrendamientos de tierras y terrenos,ejecutado,0,0
2008-01-01,Arrendamientos de tierras y terrenos,ejecutado,0,0
2009-01-01,Arrendamientos de tierras y terrenos,ejecutado,0,0
2010-01-01,Arrendamientos de tierras y terrenos,ejecutado,0,0
2011-01-01,Arrendamientos de tierras y terrenos,ejecutado,0,0
2012-01-01,Arrendamientos de tierras y terrenos,ejecutado,0,0
2013-01-01,Arrendamientos de tierras y terrenos,ejecutado,1486659.38,59045.20065
2014-01-01,Arrendamientos de tierras y terrenos,ejecutado,512117.78,19371.07484
2015-01-01,Arrendamientos de tierras y terrenos,ejecutado,4815458.46,173473.09356
2016-01-01,Arrendamientos de tierras y terrenos,ejecutado,4194078.58,143891.32791
2017-01-01,Arrendamientos de tierras y terrenos,ejecutado,11462480.85,374536.87613
2018-01-01,Arrendamientos de tierras y terrenos,ejecutado,631874.16,19663.33389
2019-01-01,Arrendamientos de tierras y terrenos,ejecutado,566606.69,16810.89137
2005-01-01,Bienes y servicios,actualizado,2015875374.41,118290872
2006-01-01,Bienes y servicios,actualizado,2916570866.28,162993584
2007-01-01,Bienes y servicios,actualizado,3289135466.82,175061525
2008-01-01,Bienes y servicios,actualizado,5261669660.25,266707957
2009-01-01,Bienes y servicios,actualizado,5423857578.9,261841550
2010-01-01,Bienes y servicios,actualizado,5558106460.2,255545367
2011-01-01,Bienes y servicios,actualizado,7023392492.05,307537917
2012-01-01,Bienes y servicios,actualizado,8154490638.86,340057290
2013-01-01,Bienes y servicios,actualizado,8071593840.74,320577050
2014-01-01,Bienes y servicios,actualizado,9227296247.71,349026441
2015-01-01,Bienes y servicios,actualizado,10481690339.34,377594629
2016-01-01,Bienes y servicios,actualizado,13508486394.46,463451986
2017-01-01,Bienes y servicios,actualizado,13607558778.42,444627356
2018-01-01,Bienes y servicios,actualizado,13209462921.18,411066153
2019-01-01,Bienes y servicios,actualizado,14096454178.09,418233607
2020-01-01,Bienes y servicios,actualizado,13120886422.22,380664299
2005-01-01,Bienes y servicios,ejecutado,1954911874.01,114713555
2006-01-01,Bienes y servicios,ejecutado,2804825646.05,156748663
2007-01-01,Bienes y servicios,ejecutado,3026881515.64,161103274
2008-01-01,Bienes y servicios,ejecutado,4942533866.18,250531332
2009-01-01,Bienes y servicios,ejecutado,4808167366.77,232118557
2010-01-01,Bienes y servicios,ejecutado,4996137986.05,229707712
2011-01-01,Bienes y servicios,ejecutado,6477586356.13,283638344
2012-01-01,Bienes y servicios,ejecutado,7301954734.72,304504971
2013-01-01,Bienes y servicios,ejecutado,7463116153.19,296410326
2014-01-01,Bienes y servicios,ejecutado,8768997705.69,331691102
2015-01-01,Bienes y servicios,ejecutado,10052230384.22,362123672
2016-01-01,Bienes y servicios,ejecutado,13083447469.08,448869661
2017-01-01,Bienes y servicios,ejecutado,13298036821.09,434513718
2018-01-01,Bienes y servicios,ejecutado,12605561888.23,392273316
2019-01-01,Bienes y servicios,ejecutado,13695688625.43,406343126
2005-01-01,Construcciones,actualizado,6037728728.26,354291841
2006-01-01,Construcciones,actualizado,7817416841.4,436879076
2007-01-01,Construcciones,actualizado,10120417933.74,538650905
2008-01-01,Construcciones,actualizado,14257252763.02,722683674
2009-01-01,Construcciones,actualizado,15525068192.03,749486478
2010-01-01,Construcciones,actualizado,16110007771.03,740690716
2011-01-01,Construcciones,actualizado,18856028641.98,825661356
2012-01-01,Construcciones,actualizado,21717938351.65,905678059
2013-01-01,Construcciones,actualizado,23146012122.97,919283158
2014-01-01,Construcciones,actualizado,27375966486.51,1035507683
2015-01-01,Construcciones,actualizado,30959439202.8,1115289383
2016-01-01,Construcciones,actualizado,36111443138.14,1238918968
2017-01-01,Construcciones,actualizado,38862819866.09,1269843705
2018-01-01,Construcciones,actualizado,40136745419.97,1249018042
2018-01-01,Construcciones,actualizado,10249516917.02,318955397
2019-01-01,Construcciones,actualizado,41751664309.77,1238747628
2019-01-01,Construcciones,actualizado,10310433402.23,305904570
2020-01-01,Construcciones,actualizado,41787241404.1,1212335085
2020-01-01,Construcciones,actualizado,11065395974.1,321030231
2005-01-01,Construcciones,ejecutado,5972788594.77,350481177
2006-01-01,Construcciones,ejecutado,7683266883.93,429382059
2007-01-01,Construcciones,ejecutado,9815360601.37,522414480
2008-01-01,Construcciones,ejecutado,13853655649.25,702225802
2009-01-01,Construcciones,ejecutado,14852958530.94,717039786
2010-01-01,Construcciones,ejecutado,15510052758.22,713106551
2011-01-01,Construcciones,ejecutado,18287015818.24,800745616
2012-01-01,Construcciones,ejecutado,20770180856.04,866154824
2013-01-01,Construcciones,ejecutado,22489589297.41,893212212
2014-01-01,Construcciones,ejecutado,26883113509.16,1016865308
2015-01-01,Construcciones,ejecutado,30393481744.63,1094901212
2016-01-01,Construcciones,ejecutado,35600078336.02,1221374957
2017-01-01,Construcciones,ejecutado,38460755737.85,1256706249
2018-01-01,Construcciones,ejecutado,39230415807.19,1220813911
2018-01-01,Construcciones,ejecutado,9845547880.56,306384257
2019-01-01,Construcciones,ejecutado,41129209675.12,1220279761
2019-01-01,Construcciones,ejecutado,10044824775.76,298024116
2005-01-01,Gasto corriente,actualizado,10723588662.63,629256488
2006-01-01,Gasto corriente,actualizado,14662760786.93,819433518
2007-01-01,Gasto corriente,actualizado,16544063059.52,880544123
2008-01-01,Gasto corriente,actualizado,21479382677.09,1088765096
2009-01-01,Gasto corriente,actualizado,23793783086.97,1148666045
2010-01-01,Gasto corriente,actualizado,25081108287.62,1153155499
2011-01-01,Gasto corriente,actualizado,29283331285.85,1282248530
2012-01-01,Gasto corriente,actualizado,33818542416.88,1410295552
2013-01-01,Gasto corriente,actualizado,36337898014.97,1443221298
2014-01-01,Gasto corriente,actualizado,41556731777.4,1571901217
2015-01-01,Gasto corriente,actualizado,46799192609.51,1685904008
2016-01-01,Gasto corriente,actualizado,53866161204.04,1848051561
2017-01-01,Gasto corriente,actualizado,58701385189.39,1918069371
2018-01-01,Gasto corriente,actualizado,60992042785.41,1898015424
2019-01-01,Gasto corriente,actualizado,64219029757.58,1905341311
2020-01-01,Gasto corriente,actualizado,64396553055.37,1868278402
2005-01-01,Gasto corriente,ejecutado,10593536204.34,621625054
2006-01-01,Gasto corriente,ejecutado,14375692905.48,803390629
2007-01-01,Gasto corriente,ejecutado,16113524503.7,857629063
2008-01-01,Gasto corriente,ejecutado,20664265428.46,1047447745
2009-01-01,Gasto corriente,ejecutado,22850671184.01,1103136479
2010-01-01,Gasto corriente,ejecutado,24198186113.11,1112561337
2011-01-01,Gasto corriente,ejecutado,28426745438.8,1244740641
2012-01-01,Gasto corriente,ejecutado,32337223699.85,1348521831
2013-01-01,Gasto corriente,ejecutado,34851505794.07,1384186708
2014-01-01,Gasto corriente,ejecutado,40692297568.23,1539203622
2015-01-01,Gasto corriente,ejecutado,46005564546.08,1657314183
2016-01-01,Gasto corriente,ejecutado,52924523002.42,1815745640
2017-01-01,Gasto corriente,ejecutado,58003180001.99,1895255497
2018-01-01,Gasto corriente,ejecutado,59295338518.18,1845215572
2019-01-01,Gasto corriente,ejecutado,63286280296.13,1877667176
2005-01-01,Gasto de capital,actualizado,8933608464.79,524221067
2006-01-01,Gasto de capital,actualizado,8432135017.53,471232817
2007-01-01,Gasto de capital,actualizado,8974257933.12,477647483
2008-01-01,Gasto de capital,actualizado,8226503342.92,416991952
2009-01-01,Gasto de capital,actualizado,7833275099.55,378158324
2010-01-01,Gasto de capital,actualizado,8139870631.04,374247281
2011-01-01,Gasto de capital,actualizado,8832602685.37,386758996
2012-01-01,Gasto de capital,actualizado,10771798192.53,449203839
2013-01-01,Gasto de capital,actualizado,12562689969.83,498948555
2014-01-01,Gasto de capital,actualizado,14785132966.68,559254001
2015-01-01,Gasto de capital,actualizado,18019597239.92,649141780
2016-01-01,Gasto de capital,actualizado,20695468777.45,710024485
2017-01-01,Gasto de capital,actualizado,23347109951.52,762867458
2018-01-01,Gasto de capital,actualizado,22393263838.62,696857462
2019-01-01,Gasto de capital,actualizado,18272118185.45,542123133
2020-01-01,Gasto de capital,actualizado,19577461808.08,567983026
2005-01-01,Gasto de capital,ejecutado,7749878179.88,454760181
2006-01-01,Gasto de capital,ejecutado,6782275477.94,379029839
2007-01-01,Gasto de capital,ejecutado,7705809229.65,410135346
2008-01-01,Gasto de capital,ejecutado,7517974449.45,381077441
2009-01-01,Gasto de capital,ejecutado,7019936008.58,338893656
2010-01-01,Gasto de capital,ejecutado,7564406770.17,347789147
2011-01-01,Gasto de capital,ejecutado,8272076614.59,362214871
2012-01-01,Gasto de capital,ejecutado,10153504651.35,423419858
2013-01-01,Gasto de capital,ejecutado,11661675443.76,463163234
2014-01-01,Gasto de capital,ejecutado,13946765213.02,527542381
2015-01-01,Gasto de capital,ejecutado,17635161759.57,635292795
2016-01-01,Gasto de capital,ejecutado,19847570998.51,680934630
2017-01-01,Gasto de capital,ejecutado,22470865665.01,734236152
2018-01-01,Gasto de capital,ejecutado,21485567053.32,668610786
2019-01-01,Gasto de capital,ejecutado,17528287943.23,520054122
2005-01-01,Gasto de consumo,actualizado,6037728728.26,354291841
2006-01-01,Gasto de consumo,actualizado,7817416841.4,436879076
2007-01-01,Gasto de consumo,actualizado,10120417933.74,538650905
2008-01-01,Gasto de consumo,actualizado,14257252763.02,722683674
2009-01-01,Gasto de consumo,actualizado,15525068192.03,749486478
2010-01-01,Gasto de consumo,actualizado,16110007771.03,740690716
2011-01-01,Gasto de consumo,actualizado,18856028641.98,825661356
2012-01-01,Gasto de consumo,actualizado,21717938351.65,905678059
2013-01-01,Gasto de consumo,actualizado,23146012122.97,919283158
2014-01-01,Gasto de consumo,actualizado,27375966486.51,1035507683
2015-01-01,Gasto de consumo,actualizado,30959439202.8,1115289383
2016-01-01,Gasto de consumo,actualizado,36111443138.14,1238918968
2017-01-01,Gasto de consumo,actualizado,38862819866.09,1269843705
2018-01-01,Gasto de consumo,actualizado,40136745419.97,1249018042
2018-01-01,Gasto de consumo,actualizado,10249516917.02,318955397
2019-01-01,Gasto de consumo,actualizado,41751664309.77,1238747628
2019-01-01,Gasto de consumo,actualizado,10310433402.23,305904570
2020-01-01,Gasto de consumo,actualizado,41787241404.1,1212335085
2020-01-01,Gasto de consumo,actualizado,11065395974.1,321030231
2005-01-01,Gasto de consumo,ejecutado,5972788594.77,350481177
2006-01-01,Gasto de consumo,ejecutado,7683266883.93,429382059
2007-01-01,Gasto de consumo,ejecutado,9815360601.37,522414480
2008-01-01,Gasto de consumo,ejecutado,13853655649.25,702225802
2009-01-01,Gasto de consumo,ejecutado,14852958530.94,717039786
2010-01-01,Gasto de consumo,ejecutado,15510052758.22,713106551
2011-01-01,Gasto de consumo,ejecutado,18287015818.24,800745616
2012-01-01,Gasto de consumo,ejecutado,20770180856.04,866154824
2013-01-01,Gasto de consumo,ejecutado,22489589297.41,893212212
2014-01-01,Gasto de consumo,ejecutado,26883113509.16,1016865308
2015-01-01,Gasto de consumo,ejecutado,30393481744.63,1094901212
2016-01-01,Gasto de consumo,ejecutado,35600078336.02,1221374957
2017-01-01,Gasto de consumo,ejecutado,38460755737.85,1256706249
2018-01-01,Gasto de consumo,ejecutado,39230415807.19,1220813911
2018-01-01,Gasto de consumo,ejecutado,9845547880.56,306384257
2019-01-01,Gasto de consumo,ejecutado,41129209675.12,1220279761
2019-01-01,Gasto de consumo,ejecutado,10044824775.76,298024116
2005-01-01,Gastos de la propiedad,actualizado,878198180.2,51532367
2006-01-01,Gastos de la propiedad,actualizado,1673459300.44,93521859
2007-01-01,Gastos de la propiedad,actualizado,1569794762,83551033
2008-01-01,Gastos de la propiedad,actualizado,1420096058,71983029
2009-01-01,Gastos de la propiedad,actualizado,1600888107,77284297
2010-01-01,Gastos de la propiedad,actualizado,1883729358,86608329
2011-01-01,Gastos de la propiedad,actualizado,2230610821,97673226
2012-01-01,Gastos de la propiedad,actualizado,2576831877,107458639
2013-01-01,Gastos de la propiedad,actualizado,2826727583.11,112268284
2014-01-01,Gastos de la propiedad,actualizado,2436416743.05,92158509
2015-01-01,Gastos de la propiedad,actualizado,2766225743.99,99651101
2016-01-01,Gastos de la propiedad,actualizado,3414809122.37,117155988
2017-01-01,Gastos de la propiedad,actualizado,3721298801.14,121593540
2018-01-01,Gastos de la propiedad,actualizado,4486146050.23,139604676
2019-01-01,Gastos de la propiedad,actualizado,4441354220.08,131772400
2020-01-01,Gastos de la propiedad,actualizado,4485153330.75,130123659
2005-01-01,Gastos de la propiedad,ejecutado,840417894.87,49315433
2006-01-01,Gastos de la propiedad,ejecutado,1598989386.92,89360082
2007-01-01,Gastos de la propiedad,ejecutado,1518873540.52,80840793
2008-01-01,Gastos de la propiedad,ejecutado,1325541703.45,67190178
2009-01-01,Gastos de la propiedad,ejecutado,1525565110.37,73648013
2010-01-01,Gastos de la propiedad,ejecutado,1859851934.8,85510515
2011-01-01,Gastos de la propiedad,ejecutado,2130224438.72,93277542
2012-01-01,Gastos de la propiedad,ejecutado,2326783538.66,97031162
2013-01-01,Gastos de la propiedad,ejecutado,2328086529.79,92463908
2014-01-01,Gastos de la propiedad,ejecutado,2333627682.31,88270469
2015-01-01,Gastos de la propiedad,ejecutado,2711800866.07,97690488
2016-01-01,Gastos de la propiedad,ejecutado,3206895456.11,110022842
2017-01-01,Gastos de la propiedad,ejecutado,3689263718.85,120546793
2018-01-01,Gastos de la propiedad,ejecutado,3989591503.12,124152363
2019-01-01,Gastos de la propiedad,ejecutado,4415524762.32,131006055
2005-01-01,Gastos totales,actualizado,19657197127.42,1153477555
2006-01-01,Gastos totales,actualizado,23094895804.46,1290666335
2007-01-01,Gastos totales,actualizado,25518320992.64,1358191606
2008-01-01,Gastos totales,actualizado,29705886020.01,1505757048
2009-01-01,Gastos totales,actualizado,31627058186.52,1526824369
2010-01-01,Gastos totales,actualizado,33220978918.66,1527402780
2011-01-01,Gastos totales,actualizado,38115933971.22,1669007526
2012-01-01,Gastos totales,actualizado,44590340609.41,1859499390
2013-01-01,Gastos totales,actualizado,48900587984.8,1942169853
2014-01-01,Gastos totales,actualizado,56341864744.08,2131155218
2015-01-01,Gastos totales,actualizado,64818789849.43,2335045788
2016-01-01,Gastos totales,actualizado,74561629981.49,2558076046
2017-01-01,Gastos totales,actualizado,82048495140.91,2680936829
2018-01-01,Gastos totales,actualizado,83385306624.03,2594872887
2019-01-01,Gastos totales,actualizado,82491147943.03,2447464444
2020-01-01,Gastos totales,actualizado,83974014863.45,2436261428
2005-01-01,Gastos totales,ejecutado,18343414384.22,1076385236
2006-01-01,Gastos totales,ejecutado,21157968383.42,1182420468
2007-01-01,Gastos totales,ejecutado,23819333733.35,1267764410
2008-01-01,Gastos totales,ejecutado,28182239877.91,1428525185
2009-01-01,Gastos totales,ejecutado,29870607192.59,1442030134
2010-01-01,Gastos totales,ejecutado,31762592883.28,1460350485
2011-01-01,Gastos totales,ejecutado,36698822053.39,1606955512
2012-01-01,Gastos totales,ejecutado,42490728351.2,1771941689
2013-01-01,Gastos totales,ejecutado,46513181237.83,1847349942
2014-01-01,Gastos totales,ejecutado,54639062781.25,2066746002
2015-01-01,Gastos totales,ejecutado,63640726305.65,2292606978
2016-01-01,Gastos totales,ejecutado,72772094000.93,2496680270
2017-01-01,Gastos totales,ejecutado,80474045667,2629491649
2018-01-01,Gastos totales,ejecutado,80780905571.5,2513826358
2019-01-01,Gastos totales,ejecutado,80814568239.36,2397721298
2005-01-01,Intereses,actualizado,878198180.2,51532367
2006-01-01,Intereses,actualizado,1673459300.44,93521859
2007-01-01,Intereses,actualizado,1569794762,83551033
2008-01-01,Intereses,actualizado,1420096058,71983029
2009-01-01,Intereses,actualizado,1600888107,77284297
2010-01-01,Intereses,actualizado,1883729358,86608329
2011-01-01,Intereses,actualizado,2230610821,97673226
2012-01-01,Intereses,actualizado,2576831877,107458639
2013-01-01,Intereses,actualizado,2825076145,112202694
2014-01-01,Intereses,actualizado,2435791617,92134863
2015-01-01,Intereses,actualizado,2761352911.17,99475561
2016-01-01,Intereses,actualizado,3410609942,117011921
2017-01-01,Intereses,actualizado,3709613549,121211724
2018-01-01,Intereses,actualizado,4485385561,139581011
2019-01-01,Intereses,actualizado,4440776428.39,131755257
2020-01-01,Intereses,actualizado,4482323663,130041564
2005-01-01,Intereses,ejecutado,840417894.87,49315433
2006-01-01,Intereses,ejecutado,1598989386.92,89360082
2007-01-01,Intereses,ejecutado,1518873540.52,80840793
2008-01-01,Intereses,ejecutado,1325541703.45,67190178
2009-01-01,Intereses,ejecutado,1525565110.37,73648013
2010-01-01,Intereses,ejecutado,1859851934.8,85510515
2011-01-01,Intereses,ejecutado,2130224438.72,93277542
2012-01-01,Intereses,ejecutado,2326783538.66,97031162
2013-01-01,Intereses,ejecutado,2326582814.7,92404185
2014-01-01,Intereses,ejecutado,2333115564.53,88251098
2015-01-01,Intereses,ejecutado,2706985407.61,97517015
2016-01-01,Intereses,ejecutado,3202701377.53,109878951
2017-01-01,Intereses,ejecutado,3677801238,120172256
2018-01-01,Intereses,ejecutado,3988959628.96,124132699
2019-01-01,Intereses,ejecutado,4414958155.63,130989244
2005-01-01,Inversión financiera con fines de política,actualizado,28660153.89,1681768
2006-01-01,Inversión financiera con fines de política,actualizado,0,0
2007-01-01,Inversión financiera con fines de política,actualizado,41862982,2228122.7
2008-01-01,Inversión financiera con fines de política,actualizado,98161017,4975668.6
2009-01-01,Inversión financiera con fines de política,actualizado,36500056,1762072.7
2010-01-01,Inversión financiera con fines de política,actualizado,0,0
2011-01-01,Inversión financiera con fines de política,actualizado,0,0
2012-01-01,Inversión financiera con fines de política,actualizado,0,0
2013-01-01,Inversión financiera con fines de política,actualizado,0,0
2014-01-01,Inversión financiera con fines de política,actualizado,0,0
2015-01-01,Inversión financiera con fines de política,actualizado,65520000,2360306.3
2016-01-01,Inversión financiera con fines de política,actualizado,229895485,7887302.5
2017-01-01,Inversión financiera con fines de política,actualizado,468858660,15319969.6
2018-01-01,Inversión financiera con fines de política,actualizado,501035348,15591752.2
2019-01-01,Inversión financiera con fines de política,actualizado,174286779.79,5170987.5
2020-01-01,Inversión financiera con fines de política,actualizado,258261441,7492703.4
2005-01-01,Inversión financiera con fines de política,ejecutado,20000000,1173593.1
2006-01-01,Inversión financiera con fines de política,ejecutado,0,0
2007-01-01,Inversión financiera con fines de política,ejecutado,41707950,2219871.3
2008-01-01,Inversión financiera con fines de política,ejecutado,98129217,4974056.7
2009-01-01,Inversión financiera con fines de política,ejecutado,36500056,1762072.7
2010-01-01,Inversión financiera con fines de política,ejecutado,0,0
2011-01-01,Inversión financiera con fines de política,ejecutado,0,0
2012-01-01,Inversión financiera con fines de política,ejecutado,0,0
2013-01-01,Inversión financiera con fines de política,ejecutado,0,0
2014-01-01,Inversión financiera con fines de política,ejecutado,0,0
2015-01-01,Inversión financiera con fines de política,ejecutado,65520000,2360306.3
2016-01-01,Inversión financiera con fines de política,ejecutado,229895484.64,7887302.5
2017-01-01,Inversión financiera con fines de política,ejecutado,468813660,15318499.2
2018-01-01,Inversión financiera con fines de política,ejecutado,432375515.06,13455122.3
2019-01-01,Inversión financiera con fines de política,ejecutado,174212859.64,5168794.4
2005-01-01,Inversión real directa,actualizado,5206420279.64,305510948
2006-01-01,Inversión real directa,actualizado,4393600579.68,245537906
2007-01-01,Inversión real directa,actualizado,4732794670.62,251899096
2008-01-01,Inversión real directa,actualizado,3830217839.4,194149318
2009-01-01,Inversión real directa,actualizado,3885448832.93,187573499
2010-01-01,Inversión real directa,actualizado,3848848551.73,176958722
2011-01-01,Inversión real directa,actualizado,4174006760.95,182769985
2012-01-01,Inversión real directa,actualizado,5069490451.23,211407096
2013-01-01,Inversión real directa,actualizado,6101692536,242339076
2014-01-01,Inversión real directa,actualizado,7559461518.64,285939877
2015-01-01,Inversión real directa,actualizado,8545198083.26,307834022
2016-01-01,Inversión real directa,actualizado,10910125813.38,374306886
2017-01-01,Inversión real directa,actualizado,12075717222.13,394574391
2005-01-01,Inversión real directa,ejecutado,4414985840.94,259069848
2006-01-01,Inversión real directa,ejecutado,3223133819.97,180125962
2007-01-01,Inversión real directa,ejecutado,3927568000.4,209041570
2008-01-01,Inversión real directa,ejecutado,3449882493.24,174870559
2009-01-01,Inversión real directa,ejecutado,3637132295.03,175585797
2010-01-01,Inversión real directa,ejecutado,3715029345.73,170806109
2011-01-01,Inversión real directa,ejecutado,3870951709.81,169499914
2012-01-01,Inversión real directa,ejecutado,4720341507.63,196846941
2013-01-01,Inversión real directa,ejecutado,5556245575.17,220675724
2014-01-01,Inversión real directa,ejecutado,7106738807.32,268815446
2015-01-01,Inversión real directa,ejecutado,8276188653.66,298143170
2016-01-01,Inversión real directa,ejecutado,10299646634.21,353362438
2017-01-01,Inversión real directa,ejecutado,11617773231.86,379611059
2005-01-01,Remuneraciones,actualizado,4021853353.85,236000969
2006-01-01,Remuneraciones,actualizado,4900845975.12,273885493
2007-01-01,Remuneraciones,actualizado,6831282466.92,363589380
2008-01-01,Remuneraciones,actualizado,8995583102.77,455975716
2009-01-01,Remuneraciones,actualizado,10101210613.13,487644928
2010-01-01,Remuneraciones,actualizado,10551901310.83,485145349
2011-01-01,Remuneraciones,actualizado,11832636149.93,518123439
2012-01-01,Remuneraciones,actualizado,13563447712.79,565620769
2013-01-01,Remuneraciones,actualizado,15074418282.23,598706109
2014-01-01,Remuneraciones,actualizado,18148670238.8,686481242
2015-01-01,Remuneraciones,actualizado,20477748863.46,737694754
2016-01-01,Remuneraciones,actualizado,22602956743.68,775466982
2017-01-01,Remuneraciones,actualizado,25255261087.67,825216349
2018-01-01,Remuneraciones,actualizado,26924896250.26,837877632
2019-01-01,Remuneraciones,actualizado,27655001084.47,820507818
2020-01-01,Remuneraciones,actualizado,28666090015.12,831663098
2005-01-01,Remuneraciones,ejecutado,4017876720.76,235767622
2006-01-01,Remuneraciones,ejecutado,4878441237.88,272633396
2007-01-01,Remuneraciones,ejecutado,6788479085.73,361311205
2008-01-01,Remuneraciones,ejecutado,8911121783.07,451694470
2009-01-01,Remuneraciones,ejecutado,10044791164.17,484921229
2010-01-01,Remuneraciones,ejecutado,10513914772.17,483398839
2011-01-01,Remuneraciones,ejecutado,11809429462.11,517107272
2012-01-01,Remuneraciones,ejecutado,13468226121.32,561649853
2013-01-01,Remuneraciones,ejecutado,15026473144.22,596801886
2014-01-01,Remuneraciones,ejecutado,18114115803.47,685174205
2015-01-01,Remuneraciones,ejecutado,20341251360.41,732777539
2016-01-01,Remuneraciones,ejecutado,22516630866.94,772505296
2017-01-01,Remuneraciones,ejecutado,25162718916.76,822192531
2018-01-01,Remuneraciones,ejecutado,26622558816.64,828469173
2019-01-01,Remuneraciones,ejecutado,27433262809.43,813928973
2018-01-01,Subsidios y subvenciones a entidades empresariales del sector privado,actualizado,795998000,24770715
2019-01-01,Subsidios y subvenciones a entidades empresariales del sector privado,actualizado,355206000,10538756
2020-01-01,Subsidios y subvenciones a entidades empresariales del sector privado,actualizado,355206000,10305267
2018-01-01,Subsidios y subvenciones a entidades empresariales del sector privado,ejecutado,795998000,24770715
2019-01-01,Subsidios y subvenciones a entidades empresariales del sector privado,ejecutado,355205999.98,10538756
2005-01-01,Transferencias corrientes al sector privado,actualizado,1798923371.29,105560204
2006-01-01,Transferencias corrientes al sector privado,actualizado,2328891981.92,130150943
2007-01-01,Transferencias corrientes al sector privado,actualizado,1111871557.59,59178447
2008-01-01,Transferencias corrientes al sector privado,actualizado,1130306269.27,57293919
2009-01-01,Transferencias corrientes al sector privado,actualizado,1318330350.43,63643570
2010-01-01,Transferencias corrientes al sector privado,actualizado,1321510887.4,60759179
2011-01-01,Transferencias corrientes al sector privado,actualizado,1457805433.34,63833887
2012-01-01,Transferencias corrientes al sector privado,actualizado,2211947744.73,92242298
2013-01-01,Transferencias corrientes al sector privado,actualizado,2017697450.54,80136279
2014-01-01,Transferencias corrientes al sector privado,actualizado,2465980556.98,93276773
2015-01-01,Transferencias corrientes al sector privado,actualizado,2356963972.38,84907768
2016-01-01,Transferencias corrientes al sector privado,actualizado,2460636732.48,84420041
2017-01-01,Transferencias corrientes al sector privado,actualizado,3379420118.37,110422645
2018-01-01,Transferencias corrientes al sector privado,actualizado,2768838466.25,86163668
2019-01-01,Transferencias corrientes al sector privado,actualizado,2430012325.64,72097054
2020-01-01,Transferencias corrientes al sector privado,actualizado,2202122189.94,63888161
2005-01-01,Transferencias corrientes al sector privado,ejecutado,1776662081.65,104253919
2006-01-01,Transferencias corrientes al sector privado,ejecutado,2293200294.88,128156301
2007-01-01,Transferencias corrientes al sector privado,ejecutado,1080496457.45,57508534
2008-01-01,Transferencias corrientes al sector privado,ejecutado,954988706.44,48407274
2009-01-01,Transferencias corrientes al sector privado,ejecutado,1300406393.36,62778275
2010-01-01,Transferencias corrientes al sector privado,ejecutado,1308349582.44,60154061
2011-01-01,Transferencias corrientes al sector privado,ejecutado,1426963105.33,62483374
2012-01-01,Transferencias corrientes al sector privado,ejecutado,2057066319.01,85783457
2013-01-01,Transferencias corrientes al sector privado,ejecutado,1883054149.8,74788692
2014-01-01,Transferencias corrientes al sector privado,ejecutado,2382330609.11,90112678
2015-01-01,Transferencias corrientes al sector privado,ejecutado,2313083641.53,83327014
2016-01-01,Transferencias corrientes al sector privado,ejecutado,2436798166.55,83602183
2017-01-01,Transferencias corrientes al sector privado,ejecutado,3336549536.95,109021848
2018-01-01,Transferencias corrientes al sector privado,ejecutado,2720629143.73,84663439
2019-01-01,Transferencias corrientes al sector privado,ejecutado,2393532908.77,71014731
2005-01-01,Transferencias corrientes al sector público,actualizado,1959013655.72,114954246
2006-01-01,Transferencias corrientes al sector público,actualizado,2774523222.85,155055201
2007-01-01,Transferencias corrientes al sector público,actualizado,3668466689.67,195251117
2008-01-01,Transferencias corrientes al sector público,actualizado,4594566816.84,232893285
2009-01-01,Transferencias corrientes al sector público,actualizado,5266684324.18,254253871
2010-01-01,Transferencias corrientes al sector público,actualizado,5676424457.96,260985280
2011-01-01,Transferencias corrientes al sector público,actualizado,6627358611.02,290196520
2012-01-01,Transferencias corrientes al sector público,actualizado,7196650852.44,300113605
2013-01-01,Transferencias corrientes al sector público,actualizado,8199352676.37,325651209
2014-01-01,Transferencias corrientes al sector público,actualizado,9121704255.5,345032379
2015-01-01,Transferencias corrientes al sector público,actualizado,10551970689.98,380126423
2016-01-01,Transferencias corrientes al sector público,actualizado,11740218194.8,402785869
2017-01-01,Transferencias corrientes al sector público,actualizado,12590146988.35,411383398
2018-01-01,Transferencias corrientes al sector público,actualizado,12668869686.53,394243396
2019-01-01,Transferencias corrientes al sector público,actualizado,15019966562.2,445633683
2020-01-01,Transferencias corrientes al sector público,actualizado,15395675124.39,446660667
2005-01-01,Transferencias corrientes al sector público,ejecutado,1953983335.03,114659069
2006-01-01,Transferencias corrientes al sector público,ejecutado,2732962541.39,152732568
2007-01-01,Transferencias corrientes al sector público,ejecutado,3625387329.49,192958253
2008-01-01,Transferencias corrientes al sector público,ejecutado,4453319733.51,225733633
2009-01-01,Transferencias corrientes al sector público,ejecutado,5090045227.88,245726461
2010-01-01,Transferencias corrientes al sector público,ejecutado,5430722112.67,249688610
2011-01-01,Transferencias corrientes al sector público,ejecutado,6471053955.64,283352305
2012-01-01,Transferencias corrientes al sector público,ejecutado,7068852322.12,294784171
2013-01-01,Transferencias corrientes al sector público,ejecutado,8008347658.9,318065120
2014-01-01,Transferencias corrientes al sector público,ejecutado,8942732801.87,338262707
2015-01-01,Transferencias corrientes al sector público,ejecutado,10423372187.34,375493763
2016-01-01,Transferencias corrientes al sector público,ejecutado,11548137171.27,396195913
2017-01-01,Transferencias corrientes al sector público,ejecutado,12370904851.33,404219655
2018-01-01,Transferencias corrientes al sector público,ejecutado,12426178680.39,386691078
2019-01-01,Transferencias corrientes al sector público,ejecutado,14776418891.22,438407765
2005-01-01,Transferencias de capital,actualizado,3698528031.26,217028351
2006-01-01,Transferencias de capital,actualizado,4038534437.85,225694911
2007-01-01,Transferencias de capital,actualizado,4199600280.5,223520264
2008-01-01,Transferencias de capital,actualizado,4298124486.52,217866965
2009-01-01,Transferencias de capital,actualizado,3911326210.62,188822752
2010-01-01,Transferencias de capital,actualizado,4291022079.31,197288559
2011-01-01,Transferencias de capital,actualizado,4658595924.42,203989011
2012-01-01,Transferencias de capital,actualizado,5702307741.3,237796743
2013-01-01,Transferencias de capital,actualizado,6460997433.83,256609480
2014-01-01,Transferencias de capital,actualizado,7225671448.04,273314124
2015-01-01,Transferencias de capital,actualizado,9408879156.66,338947452
2016-01-01,Transferencias de capital,actualizado,9555447479.07,327830297
2017-01-01,Transferencias de capital,actualizado,10802534069.39,352973097
2018-01-01,Transferencias de capital,actualizado,10058016514.97,312996083
2019-01-01,Transferencias de capital,actualizado,5983362836.25,177522900
2020-01-01,Transferencias de capital,actualizado,6674527435.36,193641971
2005-01-01,Transferencias de capital,ejecutado,3314892338.94,194516740
2006-01-01,Transferencias de capital,ejecutado,3559141657.97,198903877
2007-01-01,Transferencias de capital,ejecutado,3736533279.25,198873905
2008-01-01,Transferencias de capital,ejecutado,3969962739.21,201232825
2009-01-01,Transferencias de capital,ejecutado,3346303657.55,161545786
2010-01-01,Transferencias de capital,ejecutado,3849377424.44,176983038
2011-01-01,Transferencias de capital,ejecutado,4401124904.78,192714957
2012-01-01,Transferencias de capital,ejecutado,5433163143.72,226572917
2013-01-01,Transferencias de capital,ejecutado,6105429868.59,242487510
2014-01-01,Transferencias de capital,ejecutado,6840026405.7,258726935
2015-01-01,Transferencias de capital,ejecutado,9293453105.91,334789319
2016-01-01,Transferencias de capital,ejecutado,9318028879.66,319684890
2017-01-01,Transferencias de capital,ejecutado,10384278773.15,339306594
2018-01-01,Transferencias de capital,ejecutado,9851715347.66,306576183
2019-01-01,Transferencias de capital,ejecutado,5770617317.43,171210864
2005-01-01,Transferencias de capital al sector privado,actualizado,88982351.93,5221453.75
2006-01-01,Transferencias de capital al sector privado,actualizado,260547355.8,14560780.17
2007-01-01,Transferencias de capital al sector privado,actualizado,253605028.09,13497918.64
2008-01-01,Transferencias de capital al sector privado,actualizado,349191254.52,17700101.33
2009-01-01,Transferencias de capital al sector privado,actualizado,162650520.54,7852098.57
2010-01-01,Transferencias de capital al sector privado,actualizado,267965138,12320247.93
2011-01-01,Transferencias de capital al sector privado,actualizado,326383074.54,14291550.83
2012-01-01,Transferencias de capital al sector privado,actualizado,558815397.34,23303632.05
2013-01-01,Transferencias de capital al sector privado,actualizado,470874259.49,18701570.45
2014-01-01,Transferencias de capital al sector privado,actualizado,351580906.3,13298698.69
2015-01-01,Transferencias de capital al sector privado,actualizado,482092144.47,17366989.33
2016-01-01,Transferencias de capital al sector privado,actualizado,806694963.95,27676260.08
2017-01-01,Transferencias de capital al sector privado,actualizado,634361594.65,20727782.5
2018-01-01,Transferencias de capital al sector privado,actualizado,932051907.64,29004585.12
2019-01-01,Transferencias de capital al sector privado,actualizado,776547593.55,23039716.03
2020-01-01,Transferencias de capital al sector privado,actualizado,488686751.86,14177822.58
2005-01-01,Transferencias de capital al sector privado,ejecutado,88097121.71,5169508.75
2006-01-01,Transferencias de capital al sector privado,ejecutado,257347326.34,14381945.4
2007-01-01,Transferencias de capital al sector privado,ejecutado,252878132.52,13459230.22
2008-01-01,Transferencias de capital al sector privado,ejecutado,326547006.3,16552290.55
2009-01-01,Transferencias de capital al sector privado,ejecutado,76026843.15,3670263.48
2010-01-01,Transferencias de capital al sector privado,ejecutado,184627825.92,8488643.73
2011-01-01,Transferencias de capital al sector privado,ejecutado,285716019.11,12510835.66
2012-01-01,Transferencias de capital al sector privado,ejecutado,457588225.21,19082272.4
2013-01-01,Transferencias de capital al sector privado,ejecutado,440836260.79,17508560.35
2014-01-01,Transferencias de capital al sector privado,ejecutado,294009087.06,11121019.92
2015-01-01,Transferencias de capital al sector privado,ejecutado,450804417.78,16239873.65
2016-01-01,Transferencias de capital al sector privado,ejecutado,773308257.06,26530821.94
2017-01-01,Transferencias de capital al sector privado,ejecutado,610838558.17,19959166.64
2018-01-01,Transferencias de capital al sector privado,ejecutado,896237747.87,27890081.91
2019-01-01,Transferencias de capital al sector privado,ejecutado,764527292.68,22683080.69
2005-01-01,Transferencias de capital al sector público,actualizado,3609545679.33,211806897
2006-01-01,Transferencias de capital al sector público,actualizado,3776603672.05,211056818
2007-01-01,Transferencias de capital al sector público,actualizado,3945615252.41,210002120
2008-01-01,Transferencias de capital al sector público,actualizado,3948333232,200136451
2009-01-01,Transferencias de capital al sector público,actualizado,3748675690.08,180970654
2010-01-01,Transferencias de capital al sector público,actualizado,4023056941.31,184968311
2011-01-01,Transferencias de capital al sector público,actualizado,4332212849.88,189697460
2012-01-01,Transferencias de capital al sector público,actualizado,5143492343.96,214493111
2013-01-01,Transferencias de capital al sector público,actualizado,5990123174.34,237907909
2014-01-01,Transferencias de capital al sector público,actualizado,6874090541.74,260015425
2015-01-01,Transferencias de capital al sector público,actualizado,8926787012.19,321580462
2016-01-01,Transferencias de capital al sector público,actualizado,8748752515.12,300154037
2017-01-01,Transferencias de capital al sector público,actualizado,10168172474.74,332245314
2018-01-01,Transferencias de capital al sector público,actualizado,9125964607.33,283991498
2019-01-01,Transferencias de capital al sector público,actualizado,5206815242.7,154483184
2020-01-01,Transferencias de capital al sector público,actualizado,6185840683.5,179464148
2005-01-01,Transferencias de capital al sector público,ejecutado,3226795217.23,189347232
2006-01-01,Transferencias de capital al sector público,ejecutado,3300414390.66,184444813
2007-01-01,Transferencias de capital al sector público,ejecutado,3483279563.65,185394684
2008-01-01,Transferencias de capital al sector público,ejecutado,3642932232.91,184656027
2009-01-01,Transferencias de capital al sector público,ejecutado,3270276814.4,157875522
2010-01-01,Transferencias de capital al sector público,ejecutado,3664749598.52,168494394
2011-01-01,Transferencias de capital al sector público,ejecutado,4115408885.67,180204122
2012-01-01,Transferencias de capital al sector público,ejecutado,4975574918.51,207490645
2013-01-01,Transferencias de capital al sector público,ejecutado,5664593607.8,224978950
2014-01-01,Transferencias de capital al sector público,ejecutado,6546017318.64,247605915
2015-01-01,Transferencias de capital al sector público,ejecutado,8842648688.13,318549446
2016-01-01,Transferencias de capital al sector público,ejecutado,8544720622.6,293154068
2017-01-01,Transferencias de capital al sector público,ejecutado,9773440214.98,319347427
2018-01-01,Transferencias de capital al sector público,ejecutado,8955477599.79,278686101
2019-01-01,Transferencias de capital al sector público,ejecutado,5006090024.75,148527783
2005-01-01,Transferencias y donaciones corrientes al sector externo,actualizado,49724727.16,2917829.9
2006-01-01,Transferencias y donaciones corrientes al sector externo,actualizado,68469440.32,3826438.6
2007-01-01,Transferencias y donaciones corrientes al sector externo,actualizado,73512116.52,3912621.8
2008-01-01,Transferencias y donaciones corrientes al sector externo,actualizado,77160769.96,3911190.3
2009-01-01,Transferencias y donaciones corrientes al sector externo,actualizado,82812113.33,3997828.4
2010-01-01,Transferencias y donaciones corrientes al sector externo,actualizado,89435813.23,4111995.3
2011-01-01,Transferencias y donaciones corrientes al sector externo,actualizado,111527778.51,4883540.4
2012-01-01,Transferencias y donaciones corrientes al sector externo,actualizado,115173591.06,4802951
2013-01-01,Transferencias y donaciones corrientes al sector externo,actualizado,148108181.98,5882367.8
2014-01-01,Transferencias y donaciones corrientes al sector externo,actualizado,156663735.36,5925873
2015-01-01,Transferencias y donaciones corrientes al sector externo,actualizado,164593000.36,5929333
2016-01-01,Transferencias y donaciones corrientes al sector externo,actualizado,139054016.25,4770694.4
2017-01-01,Transferencias y donaciones corrientes al sector externo,actualizado,147699415.44,4826082.5
2018-01-01,Transferencias y donaciones corrientes al sector externo,actualizado,135375757.86,4212767.2
2019-01-01,Transferencias y donaciones corrientes al sector externo,actualizado,220826339.89,6551789.2
2020-01-01,Transferencias y donaciones corrientes al sector externo,actualizado,171155006.19,4965563.9
2005-01-01,Transferencias y donaciones corrientes al sector externo,ejecutado,49684298.02,2915457.5
2006-01-01,Transferencias y donaciones corrientes al sector externo,ejecutado,67273798.36,3759619.8
2007-01-01,Transferencias y donaciones corrientes al sector externo,ejecutado,73406574.87,3907004.5
2008-01-01,Transferencias y donaciones corrientes al sector externo,ejecutado,76759635.81,3890857.3
2009-01-01,Transferencias y donaciones corrientes al sector externo,ejecutado,81695921.46,3943943.3
2010-01-01,Transferencias y donaciones corrientes al sector externo,ejecutado,89209724.98,4101600.4
2011-01-01,Transferencias y donaciones corrientes al sector externo,ejecutado,111488120.87,4881803.8
2012-01-01,Transferencias y donaciones corrientes al sector externo,ejecutado,114340664.02,4768216.4
2013-01-01,Transferencias y donaciones corrientes al sector externo,ejecutado,142428158.17,5656776.1
2014-01-01,Transferencias y donaciones corrientes al sector externo,ejecutado,150492965.78,5692461
2015-01-01,Transferencias y donaciones corrientes al sector externo,ejecutado,163826106.51,5901706.3
2016-01-01,Transferencias y donaciones corrientes al sector externo,ejecutado,132613872.47,4549744.6
2017-01-01,Transferencias y donaciones corrientes al sector externo,ejecutado,145706157.01,4760952.7
2018-01-01,Transferencias y donaciones corrientes al sector externo,ejecutado,132455979.18,4121906.4
2019-01-01,Transferencias y donaciones corrientes al sector externo,ejecutado,216388058.72,6420108
2005-01-01,Transferencias y donaciones corrientes otorgadas,actualizado,3807661754.17,223432280
2006-01-01,Transferencias y donaciones corrientes otorgadas,actualizado,5171884645.09,289032583
2007-01-01,Transferencias y donaciones corrientes otorgadas,actualizado,4853850363.78,258342186
2008-01-01,Transferencias y donaciones corrientes otorgadas,actualizado,5802033856.07,294098394
2009-01-01,Transferencias y donaciones corrientes otorgadas,actualizado,6667826787.94,321895270
2010-01-01,Transferencias y donaciones corrientes otorgadas,actualizado,7087371158.59,325856455
2011-01-01,Transferencias y donaciones corrientes otorgadas,actualizado,8196691822.87,358913948
2012-01-01,Transferencias y donaciones corrientes otorgadas,actualizado,9523772188.23,397158854
2013-01-01,Transferencias y donaciones corrientes otorgadas,actualizado,10365158308.89,411669855
2014-01-01,Transferencias y donaciones corrientes otorgadas,actualizado,11744348547.84,444235025
2015-01-01,Transferencias y donaciones corrientes otorgadas,actualizado,13073527662.72,470963524
2016-01-01,Transferencias y donaciones corrientes otorgadas,actualizado,14339908943.53,491976605
2017-01-01,Transferencias y donaciones corrientes otorgadas,actualizado,16117266522.16,526632126
2018-01-01,Transferencias y donaciones corrientes otorgadas,actualizado,15573083910.64,484619831
2019-01-01,Transferencias y donaciones corrientes otorgadas,actualizado,17670805227.73,524282527
2020-01-01,Transferencias y donaciones corrientes otorgadas,actualizado,17768952320.52,515514391
2005-01-01,Transferencias y donaciones corrientes otorgadas,ejecutado,3780329714.7,221828445
2006-01-01,Transferencias y donaciones corrientes otorgadas,ejecutado,5093436634.63,284648489
2007-01-01,Transferencias y donaciones corrientes otorgadas,ejecutado,4779290361.81,254373791
2008-01-01,Transferencias y donaciones corrientes otorgadas,ejecutado,5485068075.76,278031765
2009-01-01,Transferencias y donaciones corrientes otorgadas,ejecutado,6472147542.7,312448680
2010-01-01,Transferencias y donaciones corrientes otorgadas,ejecutado,6828281420.09,313944271
2011-01-01,Transferencias y donaciones corrientes otorgadas,ejecutado,8009505181.84,350717483
2012-01-01,Transferencias y donaciones corrientes otorgadas,ejecutado,9240259305.15,385335844
2013-01-01,Transferencias y donaciones corrientes otorgadas,ejecutado,10033829966.87,398510588
2014-01-01,Transferencias y donaciones corrientes otorgadas,ejecutado,11475556376.76,434067846
2015-01-01,Transferencias y donaciones corrientes otorgadas,ejecutado,12900281935.38,464722484
2016-01-01,Transferencias y donaciones corrientes otorgadas,ejecutado,14117549210.29,484347840
2017-01-01,Transferencias y donaciones corrientes otorgadas,ejecutado,15853160545.29,518002456
2018-01-01,Transferencias y donaciones corrientes otorgadas,ejecutado,15279263803.3,475476424
2019-01-01,Transferencias y donaciones corrientes otorgadas,ejecutado,17386339858.71,515842605
2005-01-01,Transferencias y donaciones de capital otorgadas,actualizado,3698528031.26,217028351
2006-01-01,Transferencias y donaciones de capital otorgadas,actualizado,4038534437.85,225694911
2007-01-01,Transferencias y donaciones de capital otorgadas,actualizado,4199600280.5,223520264
2008-01-01,Transferencias y donaciones de capital otorgadas,actualizado,4298124486.52,217866965
2009-01-01,Transferencias y donaciones de capital otorgadas,actualizado,3911326210.62,188822752
2010-01-01,Transferencias y donaciones de capital otorgadas,actualizado,4291022079.31,197288559
2011-01-01,Transferencias y donaciones de capital otorgadas,actualizado,4658595924.42,203989011
2012-01-01,Transferencias y donaciones de capital otorgadas,actualizado,5702307741.3,237796743
2013-01-01,Transferencias y donaciones de capital otorgadas,actualizado,6460997433.83,256609480
2014-01-01,Transferencias y donaciones de capital otorgadas,actualizado,7225671448.04,273314124
2015-01-01,Transferencias y donaciones de capital otorgadas,actualizado,9408879156.66,338947452
2016-01-01,Transferencias y donaciones de capital otorgadas,actualizado,9555447479.07,327830297
2017-01-01,Transferencias y donaciones de capital otorgadas,actualizado,10802534069.39,352973097
2018-01-01,Transferencias y donaciones de capital otorgadas,actualizado,10058016514.97,312996083
2019-01-01,Transferencias y donaciones de capital otorgadas,actualizado,5983362836.25,177522900
2020-01-01,Transferencias y donaciones de capital otorgadas,actualizado,6674527435.36,193641971
2005-01-01,Transferencias y donaciones de capital otorgadas,ejecutado,3314892338.94,194516740
2006-01-01,Transferencias y donaciones de capital otorgadas,ejecutado,3559141657.97,198903877
2007-01-01,Transferencias y donaciones de capital otorgadas,ejecutado,3736533279.25,198873905
2008-01-01,Transferencias y donaciones de capital otorgadas,ejecutado,3969962739.21,201232825
2009-01-01,Transferencias y donaciones de capital otorgadas,ejecutado,3346303657.55,161545786
2010-01-01,Transferencias y donaciones de capital otorgadas,ejecutado,3849377424.44,176983038
2011-01-01,Transferencias y donaciones de capital otorgadas,ejecutado,4401124904.78,192714957
2012-01-01,Transferencias y donaciones de capital otorgadas,ejecutado,5433163143.72,226572917
2013-01-01,Transferencias y donaciones de capital otorgadas,ejecutado,6105429868.59,242487510
2014-01-01,Transferencias y donaciones de capital otorgadas,ejecutado,6840026405.7,258726935
2015-01-01,Transferencias y donaciones de capital otorgadas,ejecutado,9293453105.91,334789319
2016-01-01,Transferencias y donaciones de capital otorgadas,ejecutado,9318028879.66,319684890
2017-01-01,Transferencias y donaciones de capital otorgadas,ejecutado,10384278773.15,339306594
2018-01-01,Transferencias y donaciones de capital otorgadas,ejecutado,9851715347.66,306576183
2019-01-01,Transferencias y donaciones de capital otorgadas,ejecutado,5770617317.43,171210864
