date,var,type,amount
2006-03-01,PIB,Nominal,28438.0166
2006-06-01,PIB,Nominal,28538.1732
2006-09-01,PIB,Nominal,29799.3038
2006-12-01,PIB,Nominal,32062.2167
2007-03-01,PIB,Nominal,32214.6467
2007-06-01,PIB,Nominal,32761.1642
2007-09-01,PIB,Nominal,34188.2666
2007-12-01,PIB,Nominal,37786.1010
2008-03-01,PIB,Nominal,38360.5906
2008-06-01,PIB,Nominal,40914.3507
2008-09-01,PIB,Nominal,42732.4020
2008-12-01,PIB,Nominal,42595.0293
2009-03-01,PIB,Nominal,40659.5401
2009-06-01,PIB,Nominal,40612.5717
2009-09-01,PIB,Nominal,42560.2632
2009-12-01,PIB,Nominal,44958.9349
2010-03-01,PIB,Nominal,44341.7706
2010-06-01,PIB,Nominal,43653.4315
2010-09-01,PIB,Nominal,47116.5141
2010-12-01,PIB,Nominal,51940.9257
2011-03-01,PIB,Nominal,49613.3127
2011-06-01,PIB,Nominal,53475.1706
2011-09-01,PIB,Nominal,56201.4943
2011-12-01,PIB,Nominal,59892.2322
2012-03-01,PIB,Nominal,59938.6686
2012-06-01,PIB,Nominal,58613.7514
2012-09-01,PIB,Nominal,62042.7502
2012-12-01,PIB,Nominal,67398.7008
2013-03-01,PIB,Nominal,65548.4330
2013-06-01,PIB,Nominal,66530.9248
2013-09-01,PIB,Nominal,68702.9700
2013-12-01,PIB,Nominal,70747.4987
2014-03-01,PIB,Nominal,73446.1586
2014-06-01,PIB,Nominal,73339.7074
2014-09-01,PIB,Nominal,78425.0247
2014-12-01,PIB,Nominal,83192.2327
2015-03-01,PIB,Nominal,82067.6669
2015-06-01,PIB,Nominal,82690.8108
2015-09-01,PIB,Nominal,87960.3925
2015-12-01,PIB,Nominal,94988.4226
2016-03-01,PIB,Nominal,91153.9491
2016-06-01,PIB,Nominal,92667.6615
2016-09-01,PIB,Nominal,95095.3644
2016-12-01,PIB,Nominal,101343.7991
2017-03-01,PIB,Nominal,101220.6524
2017-06-01,PIB,Nominal,99969.3349
2017-09-01,PIB,Nominal,101383.2658
2017-12-01,PIB,Nominal,111705.8043
2018-03-01,PIB,Nominal,107027.5946
2018-06-01,PIB,Nominal,98617.7201
2018-09-01,PIB,Nominal,100804.0730
2018-12-01,PIB,Nominal,105757.6151
2019-03-01,PIB,Nominal,101347.2721
2019-06-01,PIB,Nominal,99999.7156
2019-09-01,PIB,Nominal,102691.8262
2019-12-01,PIB,Nominal,110674.7593
2020-03-01,PIB,Nominal,108048.3669
2020-06-01,PIB,Nominal,94486.7912
2006-03-01,Impuestos netos a la producción,Nominal, 2806.9921
2006-06-01,Impuestos netos a la producción,Nominal, 2693.0511
2006-09-01,Impuestos netos a la producción,Nominal, 2777.8294
2006-12-01,Impuestos netos a la producción,Nominal, 2970.0871
2007-03-01,Impuestos netos a la producción,Nominal, 3133.7421
2007-06-01,Impuestos netos a la producción,Nominal, 3280.5260
2007-09-01,Impuestos netos a la producción,Nominal, 3129.8471
2007-12-01,Impuestos netos a la producción,Nominal, 3444.0291
2008-03-01,Impuestos netos a la producción,Nominal, 3768.7069
2008-06-01,Impuestos netos a la producción,Nominal, 3672.4283
2008-09-01,Impuestos netos a la producción,Nominal, 3563.1023
2008-12-01,Impuestos netos a la producción,Nominal, 3606.8922
2009-03-01,Impuestos netos a la producción,Nominal, 3838.0066
2009-06-01,Impuestos netos a la producción,Nominal, 3285.3159
2009-09-01,Impuestos netos a la producción,Nominal, 3634.7184
2009-12-01,Impuestos netos a la producción,Nominal, 3852.8349
2010-03-01,Impuestos netos a la producción,Nominal, 4552.6953
2010-06-01,Impuestos netos a la producción,Nominal, 3930.7648
2010-09-01,Impuestos netos a la producción,Nominal, 4290.8380
2010-12-01,Impuestos netos a la producción,Nominal, 4649.7146
2011-03-01,Impuestos netos a la producción,Nominal, 4707.6628
2011-06-01,Impuestos netos a la producción,Nominal, 5313.9123
2011-09-01,Impuestos netos a la producción,Nominal, 5630.1149
2011-12-01,Impuestos netos a la producción,Nominal, 5185.2587
2012-03-01,Impuestos netos a la producción,Nominal, 6091.4914
2012-06-01,Impuestos netos a la producción,Nominal, 5901.4289
2012-09-01,Impuestos netos a la producción,Nominal, 5850.0293
2012-12-01,Impuestos netos a la producción,Nominal, 6453.5359
2013-03-01,Impuestos netos a la producción,Nominal, 6910.3392
2013-06-01,Impuestos netos a la producción,Nominal, 6870.9858
2013-09-01,Impuestos netos a la producción,Nominal, 6576.2519
2013-12-01,Impuestos netos a la producción,Nominal, 6133.5853
2014-03-01,Impuestos netos a la producción,Nominal, 7951.3900
2014-06-01,Impuestos netos a la producción,Nominal, 7435.0704
2014-09-01,Impuestos netos a la producción,Nominal, 7586.1068
2014-12-01,Impuestos netos a la producción,Nominal, 6765.9804
2015-03-01,Impuestos netos a la producción,Nominal, 8519.9930
2015-06-01,Impuestos netos a la producción,Nominal, 7940.8883
2015-09-01,Impuestos netos a la producción,Nominal, 8102.2943
2015-12-01,Impuestos netos a la producción,Nominal, 8751.5740
2016-03-01,Impuestos netos a la producción,Nominal, 9777.4637
2016-06-01,Impuestos netos a la producción,Nominal, 9286.9384
2016-09-01,Impuestos netos a la producción,Nominal, 9079.1079
2016-12-01,Impuestos netos a la producción,Nominal,  9216.3900
2017-03-01,Impuestos netos a la producción,Nominal, 10143.4094
2017-06-01,Impuestos netos a la producción,Nominal,10330.8177
2017-09-01,Impuestos netos a la producción,Nominal,  9881.7208
2017-12-01,Impuestos netos a la producción,Nominal, 10691.7374
2018-03-01,Impuestos netos a la producción,Nominal, 10387.2948
2018-06-01,Impuestos netos a la producción,Nominal, 8787.9334
2018-09-01,Impuestos netos a la producción,Nominal,  7897.4238
2018-12-01,Impuestos netos a la producción,Nominal,  8602.3415
2019-03-01,Impuestos netos a la producción,Nominal,  9594.8964
2019-06-01,Impuestos netos a la producción,Nominal,10388.3609
2019-09-01,Impuestos netos a la producción,Nominal, 10245.2291
2019-12-01,Impuestos netos a la producción,Nominal, 10540.2909
2020-03-01,Impuestos netos a la producción,Nominal, 11046.2689
2020-06-01,Impuestos netos a la producción,Nominal, 9691.5706
2006-03-01,Agricultura,Nominal, 2124.3835
2006-06-01,Agricultura,Nominal, 2053.3652
2006-09-01,Agricultura,Nominal, 2422.2437
2006-12-01,Agricultura,Nominal, 2895.2787
2007-03-01,Agricultura,Nominal, 2240.8818
2007-06-01,Agricultura,Nominal, 2869.4920
2007-09-01,Agricultura,Nominal, 3483.9364
2007-12-01,Agricultura,Nominal, 3997.6374
2008-03-01,Agricultura,Nominal, 2897.4661
2008-06-01,Agricultura,Nominal, 3961.9508
2008-09-01,Agricultura,Nominal, 4071.7178
2008-12-01,Agricultura,Nominal, 3429.2022
2009-03-01,Agricultura,Nominal, 3047.7694
2009-06-01,Agricultura,Nominal, 3625.0898
2009-09-01,Agricultura,Nominal, 4106.5759
2009-12-01,Agricultura,Nominal, 4389.6758
2010-03-01,Agricultura,Nominal, 3193.8419
2010-06-01,Agricultura,Nominal, 3695.7481
2010-09-01,Agricultura,Nominal, 5230.9859
2010-12-01,Agricultura,Nominal, 6321.2148
2011-03-01,Agricultura,Nominal, 4053.6168
2011-06-01,Agricultura,Nominal, 6646.6324
2011-09-01,Agricultura,Nominal, 6453.1959
2011-12-01,Agricultura,Nominal, 7750.7922
2012-03-01,Agricultura,Nominal, 5903.0197
2012-06-01,Agricultura,Nominal, 5288.7732
2012-09-01,Agricultura,Nominal, 6417.8938
2012-12-01,Agricultura,Nominal, 6772.5808
2013-03-01,Agricultura,Nominal, 5432.0743
2013-06-01,Agricultura,Nominal, 5888.4945
2013-09-01,Agricultura,Nominal, 6626.9713
2013-12-01,Agricultura,Nominal, 5822.0835
2014-03-01,Agricultura,Nominal, 5204.2588
2014-06-01,Agricultura,Nominal, 5696.6631
2014-09-01,Agricultura,Nominal, 7576.0011
2014-12-01,Agricultura,Nominal, 8436.8198
2015-03-01,Agricultura,Nominal, 6374.0000
2015-06-01,Agricultura,Nominal, 6768.0291
2015-09-01,Agricultura,Nominal, 7378.1923
2015-12-01,Agricultura,Nominal, 8037.0829
2016-03-01,Agricultura,Nominal, 6469.3701
2016-06-01,Agricultura,Nominal, 7371.9199
2016-09-01,Agricultura,Nominal, 7854.9307
2016-12-01,Agricultura,Nominal,  7819.3059
2017-03-01,Agricultura,Nominal,  7234.4906
2017-06-01,Agricultura,Nominal, 7463.0021
2017-09-01,Agricultura,Nominal,  7764.7522
2017-12-01,Agricultura,Nominal,  8952.8816
2018-03-01,Agricultura,Nominal,  7054.1687
2018-06-01,Agricultura,Nominal, 7240.1279
2018-09-01,Agricultura,Nominal,  7878.0971
2018-12-01,Agricultura,Nominal,  9101.2019
2019-03-01,Agricultura,Nominal,  7261.1654
2019-06-01,Agricultura,Nominal, 7419.9486
2019-09-01,Agricultura,Nominal,  8418.6535
2019-12-01,Agricultura,Nominal,  9356.2027
2020-03-01,Agricultura,Nominal,  7257.4457
2020-06-01,Agricultura,Nominal, 7757.9413
2006-03-01,Pecuario,Nominal, 1821.2484
2006-06-01,Pecuario,Nominal, 1740.6898
2006-09-01,Pecuario,Nominal, 1722.7388
2006-12-01,Pecuario,Nominal, 1783.2320
2007-03-01,Pecuario,Nominal, 1931.1586
2007-06-01,Pecuario,Nominal, 1782.9158
2007-09-01,Pecuario,Nominal, 1778.3324
2007-12-01,Pecuario,Nominal, 1872.6465
2008-03-01,Pecuario,Nominal, 2115.6527
2008-06-01,Pecuario,Nominal, 2312.5835
2008-09-01,Pecuario,Nominal, 2564.2592
2008-12-01,Pecuario,Nominal, 2503.1729
2009-03-01,Pecuario,Nominal, 2296.8045
2009-06-01,Pecuario,Nominal, 2150.7275
2009-09-01,Pecuario,Nominal, 2222.5829
2009-12-01,Pecuario,Nominal, 2287.0266
2010-03-01,Pecuario,Nominal, 2332.0083
2010-06-01,Pecuario,Nominal, 2438.2058
2010-09-01,Pecuario,Nominal, 2487.3847
2010-12-01,Pecuario,Nominal, 2756.1384
2011-03-01,Pecuario,Nominal, 2913.0904
2011-06-01,Pecuario,Nominal, 3152.1785
2011-09-01,Pecuario,Nominal, 3291.4058
2011-12-01,Pecuario,Nominal, 3459.0243
2012-03-01,Pecuario,Nominal, 3577.0007
2012-06-01,Pecuario,Nominal, 3647.6254
2012-09-01,Pecuario,Nominal, 3798.8695
2012-12-01,Pecuario,Nominal, 4211.1577
2013-03-01,Pecuario,Nominal, 4085.6510
2013-06-01,Pecuario,Nominal, 3962.0782
2013-09-01,Pecuario,Nominal, 3909.2173
2013-12-01,Pecuario,Nominal, 4273.8602
2014-03-01,Pecuario,Nominal, 4740.9670
2014-06-01,Pecuario,Nominal, 4357.2954
2014-09-01,Pecuario,Nominal, 4696.3382
2014-12-01,Pecuario,Nominal, 4884.1116
2015-03-01,Pecuario,Nominal, 4906.0560
2015-06-01,Pecuario,Nominal, 5172.0363
2015-09-01,Pecuario,Nominal, 5566.5422
2015-12-01,Pecuario,Nominal, 5493.8650
2016-03-01,Pecuario,Nominal, 4870.0435
2016-06-01,Pecuario,Nominal, 4964.0836
2016-09-01,Pecuario,Nominal, 5408.4409
2016-12-01,Pecuario,Nominal,  5332.2710
2017-03-01,Pecuario,Nominal,  5923.9048
2017-06-01,Pecuario,Nominal, 5708.5165
2017-09-01,Pecuario,Nominal,  5715.8145
2017-12-01,Pecuario,Nominal,  5816.7850
2018-03-01,Pecuario,Nominal,  6169.5577
2018-06-01,Pecuario,Nominal, 5410.1818
2018-09-01,Pecuario,Nominal,  6272.5136
2018-12-01,Pecuario,Nominal,  5774.7130
2019-03-01,Pecuario,Nominal,  5802.6308
2019-06-01,Pecuario,Nominal, 5508.2018
2019-09-01,Pecuario,Nominal,  6029.1831
2019-12-01,Pecuario,Nominal,  6594.9091
2020-03-01,Pecuario,Nominal,  6597.3624
2020-06-01,Pecuario,Nominal, 5619.1629
2006-03-01,Silvicultura,Nominal,  386.4266
2006-06-01,Silvicultura,Nominal,  347.7779
2006-09-01,Silvicultura,Nominal,  343.9123
2006-12-01,Silvicultura,Nominal,  362.2920
2007-03-01,Silvicultura,Nominal,  391.9724
2007-06-01,Silvicultura,Nominal,  389.3629
2007-09-01,Silvicultura,Nominal,  391.9392
2007-12-01,Silvicultura,Nominal,  454.2655
2008-03-01,Silvicultura,Nominal,  507.2161
2008-06-01,Silvicultura,Nominal,  453.8880
2008-09-01,Silvicultura,Nominal,  541.7707
2008-12-01,Silvicultura,Nominal,  487.4341
2009-03-01,Silvicultura,Nominal,  545.9248
2009-06-01,Silvicultura,Nominal,  450.0357
2009-09-01,Silvicultura,Nominal,  480.0530
2009-12-01,Silvicultura,Nominal,  537.2508
2010-03-01,Silvicultura,Nominal,  501.0672
2010-06-01,Silvicultura,Nominal,  433.3135
2010-09-01,Silvicultura,Nominal,  529.9429
2010-12-01,Silvicultura,Nominal,  541.2250
2011-03-01,Silvicultura,Nominal,  474.0369
2011-06-01,Silvicultura,Nominal,  473.8507
2011-09-01,Silvicultura,Nominal,  581.1914
2011-12-01,Silvicultura,Nominal,  622.0470
2012-03-01,Silvicultura,Nominal,  577.8213
2012-06-01,Silvicultura,Nominal,  518.6858
2012-09-01,Silvicultura,Nominal,  668.5529
2012-12-01,Silvicultura,Nominal,  662.7539
2013-03-01,Silvicultura,Nominal,  626.8142
2013-06-01,Silvicultura,Nominal,  553.0528
2013-09-01,Silvicultura,Nominal,  664.6829
2013-12-01,Silvicultura,Nominal,  707.8247
2014-03-01,Silvicultura,Nominal,  689.4139
2014-06-01,Silvicultura,Nominal,  617.6989
2014-09-01,Silvicultura,Nominal,  752.5468
2014-12-01,Silvicultura,Nominal,  886.0899
2015-03-01,Silvicultura,Nominal,  858.2644
2015-06-01,Silvicultura,Nominal,  623.5190
2015-09-01,Silvicultura,Nominal,  896.7675
2015-12-01,Silvicultura,Nominal,  923.1311
2016-03-01,Silvicultura,Nominal,  874.7140
2016-06-01,Silvicultura,Nominal,  768.3489
2016-09-01,Silvicultura,Nominal,  916.2270
2016-12-01,Silvicultura,Nominal,   958.0095
2017-03-01,Silvicultura,Nominal,   930.9757
2017-06-01,Silvicultura,Nominal,  803.6374
2017-09-01,Silvicultura,Nominal,   905.5498
2017-12-01,Silvicultura,Nominal,  1031.6599
2018-03-01,Silvicultura,Nominal,   942.0776
2018-06-01,Silvicultura,Nominal,  794.8214
2018-09-01,Silvicultura,Nominal,   933.5176
2018-12-01,Silvicultura,Nominal,  1031.4765
2019-03-01,Silvicultura,Nominal,   980.2281
2019-06-01,Silvicultura,Nominal,  855.5491
2019-09-01,Silvicultura,Nominal,   985.6689
2019-12-01,Silvicultura,Nominal,  1078.9362
2020-03-01,Silvicultura,Nominal,   993.1826
2020-06-01,Silvicultura,Nominal,  838.4751
2006-03-01,Pesca,Nominal,  213.2446
2006-06-01,Pesca,Nominal,   58.7943
2006-09-01,Pesca,Nominal,  314.9859
2006-12-01,Pesca,Nominal,  304.1812
2007-03-01,Pesca,Nominal,  182.8524
2007-06-01,Pesca,Nominal,  100.8430
2007-09-01,Pesca,Nominal,  347.9825
2007-12-01,Pesca,Nominal,  327.6132
2008-03-01,Pesca,Nominal,  167.6239
2008-06-01,Pesca,Nominal,  155.2973
2008-09-01,Pesca,Nominal,  330.7574
2008-12-01,Pesca,Nominal,  268.9452
2009-03-01,Pesca,Nominal,  145.8687
2009-06-01,Pesca,Nominal,  147.4420
2009-09-01,Pesca,Nominal,  377.3922
2009-12-01,Pesca,Nominal,  310.5789
2010-03-01,Pesca,Nominal,  171.7208
2010-06-01,Pesca,Nominal,  129.1323
2010-09-01,Pesca,Nominal,  470.3616
2010-12-01,Pesca,Nominal,  534.1797
2011-03-01,Pesca,Nominal,  238.7499
2011-06-01,Pesca,Nominal,  208.8131
2011-09-01,Pesca,Nominal,  597.5186
2011-12-01,Pesca,Nominal,  475.9526
2012-03-01,Pesca,Nominal,  206.0446
2012-06-01,Pesca,Nominal,  230.5161
2012-09-01,Pesca,Nominal,  642.8187
2012-12-01,Pesca,Nominal,  551.5335
2013-03-01,Pesca,Nominal,  249.5204
2013-06-01,Pesca,Nominal,  277.5815
2013-09-01,Pesca,Nominal,  838.7409
2013-12-01,Pesca,Nominal,  859.0947
2014-03-01,Pesca,Nominal,  379.2264
2014-06-01,Pesca,Nominal,  516.6395
2014-09-01,Pesca,Nominal, 1093.2855
2014-12-01,Pesca,Nominal, 1003.7755
2015-03-01,Pesca,Nominal,  441.2496
2015-06-01,Pesca,Nominal,  353.0376
2015-09-01,Pesca,Nominal, 1138.7289
2015-12-01,Pesca,Nominal, 1084.8969
2016-03-01,Pesca,Nominal,  434.1273
2016-06-01,Pesca,Nominal,  484.7118
2016-09-01,Pesca,Nominal,  962.3464
2016-12-01,Pesca,Nominal,  1228.3337
2017-03-01,Pesca,Nominal,   498.9365
2017-06-01,Pesca,Nominal,  622.6817
2017-09-01,Pesca,Nominal,  1289.3178
2017-12-01,Pesca,Nominal,  1464.0742
2018-03-01,Pesca,Nominal,   772.8610
2018-06-01,Pesca,Nominal,  857.8908
2018-09-01,Pesca,Nominal,  1282.5134
2018-12-01,Pesca,Nominal,  1453.0710
2019-03-01,Pesca,Nominal,   614.8457
2019-06-01,Pesca,Nominal,  607.7094
2019-09-01,Pesca,Nominal,  1168.1772
2019-12-01,Pesca,Nominal,  1236.9421
2020-03-01,Pesca,Nominal,   792.8158
2020-06-01,Pesca,Nominal,  431.7117
2006-03-01,Minería,Nominal,  216.7454
2006-06-01,Minería,Nominal,  289.5161
2006-09-01,Minería,Nominal,  273.9323
2006-12-01,Minería,Nominal,  308.9363
2007-03-01,Minería,Nominal,  402.4238
2007-06-01,Minería,Nominal,  310.2708
2007-09-01,Minería,Nominal,  258.5962
2007-12-01,Minería,Nominal,  310.9072
2008-03-01,Minería,Nominal,  502.7159
2008-06-01,Minería,Nominal,  482.9381
2008-09-01,Minería,Nominal,  493.3076
2008-12-01,Minería,Nominal,  433.3575
2009-03-01,Minería,Nominal,  492.8532
2009-06-01,Minería,Nominal,  459.7020
2009-09-01,Minería,Nominal,  489.0695
2009-12-01,Minería,Nominal,  455.3883
2010-03-01,Minería,Nominal,  738.9628
2010-06-01,Minería,Nominal,  751.8033
2010-09-01,Minería,Nominal, 1029.6362
2010-12-01,Minería,Nominal, 1301.3836
2011-03-01,Minería,Nominal, 1417.4580
2011-06-01,Minería,Nominal, 1572.2391
2011-09-01,Minería,Nominal, 1706.8882
2011-12-01,Minería,Nominal, 2010.1130
2012-03-01,Minería,Nominal, 1942.0640
2012-06-01,Minería,Nominal, 1916.7840
2012-09-01,Minería,Nominal, 2097.7060
2012-12-01,Minería,Nominal, 2427.4551
2013-03-01,Minería,Nominal, 2319.4022
2013-06-01,Minería,Nominal, 2021.2685
2013-09-01,Minería,Nominal, 2103.8762
2013-12-01,Minería,Nominal, 2237.1370
2014-03-01,Minería,Nominal, 1877.2779
2014-06-01,Minería,Nominal, 1955.1819
2014-09-01,Minería,Nominal, 2062.6655
2014-12-01,Minería,Nominal, 2121.9403
2015-03-01,Minería,Nominal, 1936.1293
2015-06-01,Minería,Nominal, 1975.8512
2015-09-01,Minería,Nominal, 2006.8266
2015-12-01,Minería,Nominal, 2269.8606
2016-03-01,Minería,Nominal, 2236.8779
2016-06-01,Minería,Nominal, 2343.3604
2016-09-01,Minería,Nominal, 2928.5446
2016-12-01,Minería,Nominal,  2760.7632
2017-03-01,Minería,Nominal,  2435.2974
2017-06-01,Minería,Nominal, 2452.4443
2017-09-01,Minería,Nominal,  2400.1988
2017-12-01,Minería,Nominal,  2354.9422
2018-03-01,Minería,Nominal,  2637.3414
2018-06-01,Minería,Nominal, 2595.3930
2018-09-01,Minería,Nominal,  2475.9947
2018-12-01,Minería,Nominal,  2478.5285
2019-03-01,Minería,Nominal,  2679.5217
2019-06-01,Minería,Nominal, 2797.5561
2019-09-01,Minería,Nominal,  3891.6321
2019-12-01,Minería,Nominal,  3788.4815
2020-03-01,Minería,Nominal,  3713.9454
2020-06-01,Minería,Nominal, 2398.8372
2006-03-01,Manufactura,Nominal, 4086.4510
2006-06-01,Manufactura,Nominal, 3656.8102
2006-09-01,Manufactura,Nominal, 4056.1374
2006-12-01,Manufactura,Nominal, 4354.3266
2007-03-01,Manufactura,Nominal, 4972.8820
2007-06-01,Manufactura,Nominal, 4367.1162
2007-09-01,Manufactura,Nominal, 4731.6449
2007-12-01,Manufactura,Nominal, 5087.6478
2008-03-01,Manufactura,Nominal, 5805.5245
2008-06-01,Manufactura,Nominal, 5577.2535
2008-09-01,Manufactura,Nominal, 6050.1291
2008-12-01,Manufactura,Nominal, 5620.0519
2009-03-01,Manufactura,Nominal, 6050.1496
2009-06-01,Manufactura,Nominal, 4886.8358
2009-09-01,Manufactura,Nominal, 5945.4588
2009-12-01,Manufactura,Nominal, 6097.7368
2010-03-01,Manufactura,Nominal, 6769.0919
2010-06-01,Manufactura,Nominal, 6183.0462
2010-09-01,Manufactura,Nominal, 6785.3639
2010-12-01,Manufactura,Nominal, 6946.1634
2011-03-01,Manufactura,Nominal, 7756.5306
2011-06-01,Manufactura,Nominal, 6939.0818
2011-09-01,Manufactura,Nominal, 8038.7732
2011-12-01,Manufactura,Nominal, 8064.2750
2012-03-01,Manufactura,Nominal, 9342.1792
2012-06-01,Manufactura,Nominal, 7536.9109
2012-09-01,Manufactura,Nominal, 8938.4119
2012-12-01,Manufactura,Nominal, 9414.3988
2013-03-01,Manufactura,Nominal, 9413.6924
2013-06-01,Manufactura,Nominal, 8990.0886
2013-09-01,Manufactura,Nominal,10304.9242
2013-12-01,Manufactura,Nominal,10648.2721
2014-03-01,Manufactura,Nominal,11467.7490
2014-06-01,Manufactura,Nominal,10199.1052
2014-09-01,Manufactura,Nominal,11812.5743
2014-12-01,Manufactura,Nominal,11957.3370
2015-03-01,Manufactura,Nominal,12149.8145
2015-06-01,Manufactura,Nominal,10970.2448
2015-09-01,Manufactura,Nominal,13292.8530
2015-12-01,Manufactura,Nominal,12954.3412
2016-03-01,Manufactura,Nominal,13372.2677
2016-06-01,Manufactura,Nominal,12667.0344
2016-09-01,Manufactura,Nominal,13804.2314
2016-12-01,Manufactura,Nominal, 13943.4044
2017-03-01,Manufactura,Nominal, 14572.3190
2017-06-01,Manufactura,Nominal,13217.5090
2017-09-01,Manufactura,Nominal, 14257.9485
2017-12-01,Manufactura,Nominal, 14470.3662
2018-03-01,Manufactura,Nominal, 14952.6992
2018-06-01,Manufactura,Nominal,12700.9262
2018-09-01,Manufactura,Nominal, 15381.9678
2018-12-01,Manufactura,Nominal, 14986.4069
2019-03-01,Manufactura,Nominal, 15042.1350
2019-06-01,Manufactura,Nominal,13697.8463
2019-09-01,Manufactura,Nominal, 14981.3187
2019-12-01,Manufactura,Nominal, 14945.4235
2020-03-01,Manufactura,Nominal, 15930.4216
2020-06-01,Manufactura,Nominal,11356.6215
2006-03-01,Construcción,Nominal, 1296.2591
2006-06-01,Construcción,Nominal, 1412.2135
2006-09-01,Construcción,Nominal, 1446.3142
2006-12-01,Construcción,Nominal, 1636.8812
2007-03-01,Construcción,Nominal, 1393.9058
2007-06-01,Construcción,Nominal, 1654.2144
2007-09-01,Construcción,Nominal, 1457.1368
2007-12-01,Construcción,Nominal, 1698.2238
2008-03-01,Construcción,Nominal, 1862.0439
2008-06-01,Construcción,Nominal, 2264.9999
2008-09-01,Construcción,Nominal, 2317.9890
2008-12-01,Construcción,Nominal, 2364.9652
2009-03-01,Construcción,Nominal, 1766.1164
2009-06-01,Construcción,Nominal, 1818.5231
2009-09-01,Construcción,Nominal, 1514.6163
2009-12-01,Construcción,Nominal, 1875.4063
2010-03-01,Construcción,Nominal, 1378.8719
2010-06-01,Construcción,Nominal, 1543.9000
2010-09-01,Construcción,Nominal, 1514.5117
2010-12-01,Construcción,Nominal, 2120.6026
2011-03-01,Construcción,Nominal, 1813.7455
2011-06-01,Construcción,Nominal, 2021.8063
2011-09-01,Construcción,Nominal, 2007.7090
2011-12-01,Construcción,Nominal, 2574.2540
2012-03-01,Construcción,Nominal, 2573.9885
2012-06-01,Construcción,Nominal, 2737.4859
2012-09-01,Construcción,Nominal, 2518.4614
2012-12-01,Construcción,Nominal, 3622.3936
2013-03-01,Construcción,Nominal, 3317.0100
2013-06-01,Construcción,Nominal, 3567.5847
2013-09-01,Construcción,Nominal, 3336.3480
2013-12-01,Construcción,Nominal, 3176.6315
2014-03-01,Construcción,Nominal, 3267.1630
2014-06-01,Construcción,Nominal, 3388.0009
2014-09-01,Construcción,Nominal, 3283.6486
2014-12-01,Construcción,Nominal, 4470.3921
2015-03-01,Construcción,Nominal, 4402.2457
2015-06-01,Construcción,Nominal, 4960.7316
2015-09-01,Construcción,Nominal, 5048.1599
2015-12-01,Construcción,Nominal, 6126.3544
2016-03-01,Construcción,Nominal, 4790.9827
2016-06-01,Construcción,Nominal, 5247.8224
2016-09-01,Construcción,Nominal, 5311.1049
2016-12-01,Construcción,Nominal,  5952.2473
2017-03-01,Construcción,Nominal,  5873.0567
2017-06-01,Construcción,Nominal, 5418.0640
2017-09-01,Construcción,Nominal,  5645.7861
2017-12-01,Construcción,Nominal,  6530.8695
2018-03-01,Construcción,Nominal,  6118.0597
2018-06-01,Construcción,Nominal, 5286.1687
2018-09-01,Construcción,Nominal,  5662.0249
2018-12-01,Construcción,Nominal,  4709.9950
2019-03-01,Construcción,Nominal,  3145.3794
2019-06-01,Construcción,Nominal, 3448.6333
2019-09-01,Construcción,Nominal,  3743.4193
2019-12-01,Construcción,Nominal,  4548.7449
2020-03-01,Construcción,Nominal,  3845.8807
2020-06-01,Construcción,Nominal, 3449.8231
2006-03-01,Electricidad,Nominal,  311.1654
2006-06-01,Electricidad,Nominal,  329.7002
2006-09-01,Electricidad,Nominal,  305.0597
2006-12-01,Electricidad,Nominal,  277.2913
2007-03-01,Electricidad,Nominal,  282.9541
2007-06-01,Electricidad,Nominal,  316.3338
2007-09-01,Electricidad,Nominal,  314.0011
2007-12-01,Electricidad,Nominal,  313.8700
2008-03-01,Electricidad,Nominal,  367.1495
2008-06-01,Electricidad,Nominal,  461.6890
2008-09-01,Electricidad,Nominal,  561.2938
2008-12-01,Electricidad,Nominal,  438.6955
2009-03-01,Electricidad,Nominal,  526.0358
2009-06-01,Electricidad,Nominal,  690.0520
2009-09-01,Electricidad,Nominal,  876.2550
2009-12-01,Electricidad,Nominal,  964.4233
2010-03-01,Electricidad,Nominal, 1002.0936
2010-06-01,Electricidad,Nominal,  919.0265
2010-09-01,Electricidad,Nominal,  789.2066
2010-12-01,Electricidad,Nominal,  850.2142
2011-03-01,Electricidad,Nominal, 1015.8108
2011-06-01,Electricidad,Nominal, 1129.0967
2011-09-01,Electricidad,Nominal, 1060.5499
2011-12-01,Electricidad,Nominal, 1096.2955
2012-03-01,Electricidad,Nominal, 1251.3599
2012-06-01,Electricidad,Nominal, 1271.5002
2012-09-01,Electricidad,Nominal, 1325.4456
2012-12-01,Electricidad,Nominal, 1447.9492
2013-03-01,Electricidad,Nominal, 1643.3529
2013-06-01,Electricidad,Nominal, 1789.7941
2013-09-01,Electricidad,Nominal, 1675.0259
2013-12-01,Electricidad,Nominal, 1831.4221
2014-03-01,Electricidad,Nominal, 2035.2605
2014-06-01,Electricidad,Nominal, 2296.5443
2014-09-01,Electricidad,Nominal, 2402.3054
2014-12-01,Electricidad,Nominal, 2237.8296
2015-03-01,Electricidad,Nominal, 2523.6942
2015-06-01,Electricidad,Nominal, 2791.6801
2015-09-01,Electricidad,Nominal, 2611.0412
2015-12-01,Electricidad,Nominal, 2663.0485
2016-03-01,Electricidad,Nominal, 3189.7430
2016-06-01,Electricidad,Nominal, 3049.7442
2016-09-01,Electricidad,Nominal, 2670.5300
2016-12-01,Electricidad,Nominal,  2789.2745
2017-03-01,Electricidad,Nominal,  3289.1783
2017-06-01,Electricidad,Nominal, 3072.0270
2017-09-01,Electricidad,Nominal,  2694.4202
2017-12-01,Electricidad,Nominal,  2954.9070
2018-03-01,Electricidad,Nominal,  3685.7181
2018-06-01,Electricidad,Nominal, 3751.3953
2018-09-01,Electricidad,Nominal,  3626.8301
2018-12-01,Electricidad,Nominal,  3930.3677
2019-03-01,Electricidad,Nominal,  4714.6319
2019-06-01,Electricidad,Nominal, 4403.5056
2019-09-01,Electricidad,Nominal,  3514.1669
2019-12-01,Electricidad,Nominal,  3300.6095
2020-03-01,Electricidad,Nominal,  4610.0447
2020-06-01,Electricidad,Nominal, 3969.6118
2006-03-01,Agua,Nominal,  138.0188
2006-06-01,Agua,Nominal,  145.4903
2006-09-01,Agua,Nominal,  135.3115
2006-12-01,Agua,Nominal,  132.1237
2007-03-01,Agua,Nominal,  137.4303
2007-06-01,Agua,Nominal,  136.4444
2007-09-01,Agua,Nominal,  117.7270
2007-12-01,Agua,Nominal,  122.0132
2008-03-01,Agua,Nominal,  127.5961
2008-06-01,Agua,Nominal,  141.2184
2008-09-01,Agua,Nominal,  137.7593
2008-12-01,Agua,Nominal,  142.9712
2009-03-01,Agua,Nominal,  166.7865
2009-06-01,Agua,Nominal,  173.3426
2009-09-01,Agua,Nominal,  167.0808
2009-12-01,Agua,Nominal,  158.0490
2010-03-01,Agua,Nominal,  124.3357
2010-06-01,Agua,Nominal,  120.6638
2010-09-01,Agua,Nominal,  111.4579
2010-12-01,Agua,Nominal,  112.7232
2011-03-01,Agua,Nominal,  130.8439
2011-06-01,Agua,Nominal,  141.5903
2011-09-01,Agua,Nominal,  130.9624
2011-12-01,Agua,Nominal,  128.2237
2012-03-01,Agua,Nominal,  130.7849
2012-06-01,Agua,Nominal,  128.4347
2012-09-01,Agua,Nominal,  125.2485
2012-12-01,Agua,Nominal,  127.8156
2013-03-01,Agua,Nominal,  140.9084
2013-06-01,Agua,Nominal,  147.6619
2013-09-01,Agua,Nominal,  135.3665
2013-12-01,Agua,Nominal,  135.1791
2014-03-01,Agua,Nominal,  139.3307
2014-06-01,Agua,Nominal,  144.6836
2014-09-01,Agua,Nominal,  139.5551
2014-12-01,Agua,Nominal,  145.8558
2015-03-01,Agua,Nominal,  178.0305
2015-06-01,Agua,Nominal,  201.1547
2015-09-01,Agua,Nominal,  207.1353
2015-12-01,Agua,Nominal,  212.2241
2016-03-01,Agua,Nominal,  252.6750
2016-06-01,Agua,Nominal,  263.5029
2016-09-01,Agua,Nominal,  258.5038
2016-12-01,Agua,Nominal,   255.1782
2017-03-01,Agua,Nominal,   289.2651
2017-06-01,Agua,Nominal,  303.8099
2017-09-01,Agua,Nominal,   288.3459
2017-12-01,Agua,Nominal,   292.2685
2018-03-01,Agua,Nominal,   307.6631
2018-06-01,Agua,Nominal,  324.9313
2018-09-01,Agua,Nominal,   315.0535
2018-12-01,Agua,Nominal,   317.9909
2019-03-01,Agua,Nominal,   330.8839
2019-06-01,Agua,Nominal,  345.6176
2019-09-01,Agua,Nominal,   318.3658
2019-12-01,Agua,Nominal,   319.7554
2020-03-01,Agua,Nominal,   332.2194
2020-06-01,Agua,Nominal,  351.3622
2006-03-01,Comercio,Nominal, 2908.2148
2006-06-01,Comercio,Nominal, 3166.3786
2006-09-01,Comercio,Nominal, 3181.3374
2006-12-01,Comercio,Nominal, 3547.2592
2007-03-01,Comercio,Nominal, 3504.3351
2007-06-01,Comercio,Nominal, 3523.5699
2007-09-01,Comercio,Nominal, 3768.6885
2007-12-01,Comercio,Nominal, 4627.2059
2008-03-01,Comercio,Nominal, 4759.4714
2008-06-01,Comercio,Nominal, 5377.2676
2008-09-01,Comercio,Nominal, 5355.2860
2008-12-01,Comercio,Nominal, 5451.9001
2009-03-01,Comercio,Nominal, 4702.3780
2009-06-01,Comercio,Nominal, 4862.3685
2009-09-01,Comercio,Nominal, 4843.0620
2009-12-01,Comercio,Nominal, 5151.1612
2010-03-01,Comercio,Nominal, 4934.8652
2010-06-01,Comercio,Nominal, 4821.5790
2010-09-01,Comercio,Nominal, 4929.9603
2010-12-01,Comercio,Nominal, 5626.7794
2011-03-01,Comercio,Nominal, 5641.9256
2011-06-01,Comercio,Nominal, 5946.7884
2011-09-01,Comercio,Nominal, 6179.9436
2011-12-01,Comercio,Nominal, 6678.1916
2012-03-01,Comercio,Nominal, 6720.0314
2012-06-01,Comercio,Nominal, 6846.6495
2012-09-01,Comercio,Nominal, 6947.8698
2012-12-01,Comercio,Nominal, 7045.4010
2013-03-01,Comercio,Nominal, 6793.5728
2013-06-01,Comercio,Nominal, 7240.8350
2013-09-01,Comercio,Nominal, 7169.7485
2013-12-01,Comercio,Nominal, 7785.3264
2014-03-01,Comercio,Nominal, 7648.5078
2014-06-01,Comercio,Nominal, 8279.9614
2014-09-01,Comercio,Nominal, 8264.0043
2014-12-01,Comercio,Nominal, 8976.9523
2015-03-01,Comercio,Nominal, 8191.9303
2015-06-01,Comercio,Nominal, 8567.6000
2015-09-01,Comercio,Nominal, 8704.5818
2015-12-01,Comercio,Nominal,11083.3957
2016-03-01,Comercio,Nominal, 8986.6207
2016-06-01,Comercio,Nominal, 9548.8800
2016-09-01,Comercio,Nominal, 9482.4826
2016-12-01,Comercio,Nominal, 12063.2339
2017-03-01,Comercio,Nominal,  9908.0396
2017-06-01,Comercio,Nominal,10492.8473
2017-09-01,Comercio,Nominal, 10527.4535
2017-12-01,Comercio,Nominal, 13397.8481
2018-03-01,Comercio,Nominal, 10745.7405
2018-06-01,Comercio,Nominal, 9527.3345
2018-09-01,Comercio,Nominal,  8885.4259
2018-12-01,Comercio,Nominal, 11021.5081
2019-03-01,Comercio,Nominal,  9077.2171
2019-06-01,Comercio,Nominal, 9076.8829
2019-09-01,Comercio,Nominal,  8870.0628
2019-12-01,Comercio,Nominal, 11605.9528
2020-03-01,Comercio,Nominal, 10298.6359
2020-06-01,Comercio,Nominal, 9377.2172
2006-03-01,Hoteles y restaurantes,Nominal,  824.1647
2006-06-01,Hoteles y restaurantes,Nominal,  797.6833
2006-09-01,Hoteles y restaurantes,Nominal,  882.5692
2006-12-01,Hoteles y restaurantes,Nominal,  942.4812
2007-03-01,Hoteles y restaurantes,Nominal,  965.7287
2007-06-01,Hoteles y restaurantes,Nominal,  936.4393
2007-09-01,Hoteles y restaurantes,Nominal, 1091.4677
2007-12-01,Hoteles y restaurantes,Nominal, 1139.9571
2008-03-01,Hoteles y restaurantes,Nominal, 1266.6875
2008-06-01,Hoteles y restaurantes,Nominal, 1211.6569
2008-09-01,Hoteles y restaurantes,Nominal, 1382.4162
2008-12-01,Hoteles y restaurantes,Nominal, 1422.3673
2009-03-01,Hoteles y restaurantes,Nominal, 1480.8221
2009-06-01,Hoteles y restaurantes,Nominal, 1505.2370
2009-09-01,Hoteles y restaurantes,Nominal, 1494.9858
2009-12-01,Hoteles y restaurantes,Nominal, 1550.1605
2010-03-01,Hoteles y restaurantes,Nominal, 1633.3613
2010-06-01,Hoteles y restaurantes,Nominal, 1411.5848
2010-09-01,Hoteles y restaurantes,Nominal, 1520.6554
2010-12-01,Hoteles y restaurantes,Nominal, 1536.1206
2011-03-01,Hoteles y restaurantes,Nominal, 1529.1823
2011-06-01,Hoteles y restaurantes,Nominal, 1540.6318
2011-09-01,Hoteles y restaurantes,Nominal, 1569.0728
2011-12-01,Hoteles y restaurantes,Nominal, 1664.7584
2012-03-01,Hoteles y restaurantes,Nominal, 1816.7986
2012-06-01,Hoteles y restaurantes,Nominal, 1737.2543
2012-09-01,Hoteles y restaurantes,Nominal, 1791.9220
2012-12-01,Hoteles y restaurantes,Nominal, 2010.5652
2013-03-01,Hoteles y restaurantes,Nominal, 2088.9059
2013-06-01,Hoteles y restaurantes,Nominal, 1917.7148
2013-09-01,Hoteles y restaurantes,Nominal, 1979.9562
2013-12-01,Hoteles y restaurantes,Nominal, 2213.8134
2014-03-01,Hoteles y restaurantes,Nominal, 2217.2756
2014-06-01,Hoteles y restaurantes,Nominal, 2246.3485
2014-09-01,Hoteles y restaurantes,Nominal, 2265.8632
2014-12-01,Hoteles y restaurantes,Nominal, 2697.3983
2015-03-01,Hoteles y restaurantes,Nominal, 2730.1035
2015-06-01,Hoteles y restaurantes,Nominal, 2619.0032
2015-09-01,Hoteles y restaurantes,Nominal, 2734.1024
2015-12-01,Hoteles y restaurantes,Nominal, 3276.4479
2016-03-01,Hoteles y restaurantes,Nominal, 3381.5206
2016-06-01,Hoteles y restaurantes,Nominal, 2964.1444
2016-09-01,Hoteles y restaurantes,Nominal, 3123.2786
2016-12-01,Hoteles y restaurantes,Nominal,  3973.6827
2017-03-01,Hoteles y restaurantes,Nominal,  3879.7868
2017-06-01,Hoteles y restaurantes,Nominal, 3439.7170
2017-09-01,Hoteles y restaurantes,Nominal,  3635.5479
2017-12-01,Hoteles y restaurantes,Nominal,  4766.0215
2018-03-01,Hoteles y restaurantes,Nominal,  4834.7343
2018-06-01,Hoteles y restaurantes,Nominal, 2423.3636
2018-09-01,Hoteles y restaurantes,Nominal,  2437.7877
2018-12-01,Hoteles y restaurantes,Nominal,  3299.3863
2019-03-01,Hoteles y restaurantes,Nominal,  3396.6028
2019-06-01,Hoteles y restaurantes,Nominal, 3009.8710
2019-09-01,Hoteles y restaurantes,Nominal,  3351.8759
2019-12-01,Hoteles y restaurantes,Nominal,  4253.8136
2020-03-01,Hoteles y restaurantes,Nominal,  3748.2469
2020-06-01,Hoteles y restaurantes,Nominal, 1468.2631
2006-03-01,Transporte y comunicaciones,Nominal, 1713.5018
2006-06-01,Transporte y comunicaciones,Nominal, 1890.5687
2006-09-01,Transporte y comunicaciones,Nominal, 1743.4487
2006-12-01,Transporte y comunicaciones,Nominal, 1780.6154
2007-03-01,Transporte y comunicaciones,Nominal, 1953.6902
2007-06-01,Transporte y comunicaciones,Nominal, 2081.1329
2007-09-01,Transporte y comunicaciones,Nominal, 1904.3258
2007-12-01,Transporte y comunicaciones,Nominal, 2239.9054
2008-03-01,Transporte y comunicaciones,Nominal, 2009.0192
2008-06-01,Transporte y comunicaciones,Nominal, 2189.2123
2008-09-01,Transporte y comunicaciones,Nominal, 2152.7789
2008-12-01,Transporte y comunicaciones,Nominal, 2314.9530
2009-03-01,Transporte y comunicaciones,Nominal, 2229.6637
2009-06-01,Transporte y comunicaciones,Nominal, 2555.3950
2009-09-01,Transporte y comunicaciones,Nominal, 2316.3344
2009-12-01,Transporte y comunicaciones,Nominal, 2553.3577
2010-03-01,Transporte y comunicaciones,Nominal, 2617.7111
2010-06-01,Transporte y comunicaciones,Nominal, 2755.3443
2010-09-01,Transporte y comunicaciones,Nominal, 2445.2672
2010-12-01,Transporte y comunicaciones,Nominal, 2740.4463
2011-03-01,Transporte y comunicaciones,Nominal, 2603.0719
2011-06-01,Transporte y comunicaciones,Nominal, 2838.8062
2011-09-01,Transporte y comunicaciones,Nominal, 2751.2637
2011-12-01,Transporte y comunicaciones,Nominal, 3005.1350
2012-03-01,Transporte y comunicaciones,Nominal, 2799.3774
2012-06-01,Transporte y comunicaciones,Nominal, 3152.2930
2012-09-01,Transporte y comunicaciones,Nominal, 2924.7268
2012-12-01,Transporte y comunicaciones,Nominal, 3255.1986
2013-03-01,Transporte y comunicaciones,Nominal, 2969.5975
2013-06-01,Transporte y comunicaciones,Nominal, 3269.5347
2013-09-01,Transporte y comunicaciones,Nominal, 3307.5030
2013-12-01,Transporte y comunicaciones,Nominal, 3689.1690
2014-03-01,Transporte y comunicaciones,Nominal, 3282.1945
2014-06-01,Transporte y comunicaciones,Nominal, 3603.7518
2014-09-01,Transporte y comunicaciones,Nominal, 3583.1112
2014-12-01,Transporte y comunicaciones,Nominal, 3981.5376
2015-03-01,Transporte y comunicaciones,Nominal, 3905.2800
2015-06-01,Transporte y comunicaciones,Nominal, 4567.4259
2015-09-01,Transporte y comunicaciones,Nominal, 4633.9494
2015-12-01,Transporte y comunicaciones,Nominal, 4976.1282
2016-03-01,Transporte y comunicaciones,Nominal, 4326.1321
2016-06-01,Transporte y comunicaciones,Nominal, 5199.0021
2016-09-01,Transporte y comunicaciones,Nominal, 4983.5344
2016-12-01,Transporte y comunicaciones,Nominal,  5225.5317
2017-03-01,Transporte y comunicaciones,Nominal,  4658.9807
2017-06-01,Transporte y comunicaciones,Nominal, 5414.9756
2017-09-01,Transporte y comunicaciones,Nominal,  5349.8748
2017-12-01,Transporte y comunicaciones,Nominal,  5833.1218
2018-03-01,Transporte y comunicaciones,Nominal,  5291.9501
2018-06-01,Transporte y comunicaciones,Nominal, 5583.4998
2018-09-01,Transporte y comunicaciones,Nominal,  5269.6432
2018-12-01,Transporte y comunicaciones,Nominal,  5459.3610
2019-03-01,Transporte y comunicaciones,Nominal,  4895.7220
2019-06-01,Transporte y comunicaciones,Nominal, 5421.7325
2019-09-01,Transporte y comunicaciones,Nominal,  5064.7007
2019-12-01,Transporte y comunicaciones,Nominal,  5520.6763
2020-03-01,Transporte y comunicaciones,Nominal,  4834.3341
2020-06-01,Transporte y comunicaciones,Nominal, 4404.2283
2006-03-01,Financiero,Nominal, 1331.8494
2006-06-01,Financiero,Nominal, 1439.6239
2006-09-01,Financiero,Nominal, 1494.0568
2006-12-01,Financiero,Nominal, 1531.2178
2007-03-01,Financiero,Nominal, 1567.4261
2007-06-01,Financiero,Nominal, 1641.2842
2007-09-01,Financiero,Nominal, 1761.8503
2007-12-01,Financiero,Nominal, 1892.6820
2008-03-01,Financiero,Nominal, 1907.3389
2008-06-01,Financiero,Nominal, 2020.0794
2008-09-01,Financiero,Nominal, 2003.0661
2008-12-01,Financiero,Nominal, 2074.3354
2009-03-01,Financiero,Nominal, 2049.2432
2009-06-01,Financiero,Nominal, 2028.3049
2009-09-01,Financiero,Nominal, 1970.9362
2009-12-01,Financiero,Nominal, 1942.7094
2010-03-01,Financiero,Nominal, 1866.8673
2010-06-01,Financiero,Nominal, 1974.4529
2010-09-01,Financiero,Nominal, 1944.8412
2010-12-01,Financiero,Nominal, 2012.7638
2011-03-01,Financiero,Nominal, 1963.4669
2011-06-01,Financiero,Nominal, 1899.3360
2011-09-01,Financiero,Nominal, 1998.7299
2011-12-01,Financiero,Nominal, 2133.4293
2012-03-01,Financiero,Nominal, 2185.6718
2012-06-01,Financiero,Nominal, 2260.2361
2012-09-01,Financiero,Nominal, 2252.7999
2012-12-01,Financiero,Nominal, 2483.2675
2013-03-01,Financiero,Nominal, 2949.3824
2013-06-01,Financiero,Nominal, 2592.8085
2013-09-01,Financiero,Nominal, 2698.4368
2013-12-01,Financiero,Nominal, 2943.0908
2014-03-01,Financiero,Nominal, 3616.3847
2014-06-01,Financiero,Nominal, 3151.6684
2014-09-01,Financiero,Nominal, 3256.5883
2014-12-01,Financiero,Nominal, 3503.5903
2015-03-01,Financiero,Nominal, 4127.2099
2015-06-01,Financiero,Nominal, 3624.5270
2015-09-01,Financiero,Nominal, 3844.1046
2015-12-01,Financiero,Nominal, 4104.0046
2016-03-01,Financiero,Nominal, 5072.4902
2016-06-01,Financiero,Nominal, 4473.2389
2016-09-01,Financiero,Nominal, 4650.9568
2016-12-01,Financiero,Nominal,  4745.8034
2017-03-01,Financiero,Nominal,  6040.4517
2017-06-01,Financiero,Nominal, 5099.9312
2017-09-01,Financiero,Nominal,  5106.2999
2017-12-01,Financiero,Nominal,  5500.0876
2018-03-01,Financiero,Nominal,  5773.1981
2018-06-01,Financiero,Nominal, 5668.1070
2018-09-01,Financiero,Nominal,  5324.0185
2018-12-01,Financiero,Nominal,  5190.1000
2019-03-01,Financiero,Nominal,  5507.4481
2019-06-01,Financiero,Nominal, 4961.0844
2019-09-01,Financiero,Nominal,  4508.7537
2019-12-01,Financiero,Nominal,  4483.3509
2020-03-01,Financiero,Nominal,  4948.5362
2020-06-01,Financiero,Nominal, 4531.9496
2006-03-01,Vivienda,Nominal, 2366.2506
2006-06-01,Vivienda,Nominal, 2439.0152
2006-09-01,Vivienda,Nominal, 2490.4185
2006-12-01,Vivienda,Nominal, 2585.9610
2007-03-01,Vivienda,Nominal, 2631.2519
2007-06-01,Vivienda,Nominal, 2746.5954
2007-09-01,Vivienda,Nominal, 2704.8755
2007-12-01,Vivienda,Nominal, 2713.2010
2008-03-01,Vivienda,Nominal, 2706.9497
2008-06-01,Vivienda,Nominal, 2747.6368
2008-09-01,Vivienda,Nominal, 3065.7248
2008-12-01,Vivienda,Nominal, 3332.2606
2009-03-01,Vivienda,Nominal, 3090.6184
2009-06-01,Vivienda,Nominal, 3244.8809
2009-09-01,Vivienda,Nominal, 3329.8254
2009-12-01,Vivienda,Nominal, 3327.1511
2010-03-01,Vivienda,Nominal, 3428.3591
2010-06-01,Vivienda,Nominal, 3369.4603
2010-09-01,Vivienda,Nominal, 3413.3347
2010-12-01,Vivienda,Nominal, 3503.1497
2011-03-01,Vivienda,Nominal, 3570.9005
2011-06-01,Vivienda,Nominal, 3663.6436
2011-09-01,Vivienda,Nominal, 3647.1015
2011-12-01,Vivienda,Nominal, 3847.9441
2012-03-01,Vivienda,Nominal, 3800.3477
2012-06-01,Vivienda,Nominal, 3859.9925
2012-09-01,Vivienda,Nominal, 3962.6769
2012-12-01,Vivienda,Nominal, 4255.5011
2013-03-01,Vivienda,Nominal, 4086.9481
2013-06-01,Vivienda,Nominal, 4343.3392
2013-09-01,Vivienda,Nominal, 4319.7057
2013-12-01,Vivienda,Nominal, 4529.8078
2014-03-01,Vivienda,Nominal, 4522.4066
2014-06-01,Vivienda,Nominal, 4540.1239
2014-09-01,Vivienda,Nominal, 4725.4757
2014-12-01,Vivienda,Nominal, 4917.4239
2015-03-01,Vivienda,Nominal, 4824.4876
2015-06-01,Vivienda,Nominal, 5007.1419
2015-09-01,Vivienda,Nominal, 4978.9397
2015-12-01,Vivienda,Nominal, 5237.8252
2016-03-01,Vivienda,Nominal, 5180.1836
2016-06-01,Vivienda,Nominal, 5364.6054
2016-09-01,Vivienda,Nominal, 5427.1465
2016-12-01,Vivienda,Nominal,  5611.9455
2017-03-01,Vivienda,Nominal,  5625.3390
2017-06-01,Vivienda,Nominal, 5840.8072
2017-09-01,Vivienda,Nominal,  5748.3954
2017-12-01,Vivienda,Nominal,  6203.8989
2018-03-01,Vivienda,Nominal,  6070.2307
2018-06-01,Vivienda,Nominal, 6077.1941
2018-09-01,Vivienda,Nominal,  5949.3017
2018-12-01,Vivienda,Nominal,  6294.2182
2019-03-01,Vivienda,Nominal,  6279.0447
2019-06-01,Vivienda,Nominal, 6226.3698
2019-09-01,Vivienda,Nominal,  6089.8225
2019-12-01,Vivienda,Nominal,  6532.0809
2020-03-01,Vivienda,Nominal,  6465.9600
2020-06-01,Vivienda,Nominal, 6443.7866
2006-03-01,Administración pública y defensa,Nominal, 1489.2946
2006-06-01,Administración pública y defensa,Nominal, 1500.6949
2006-09-01,Administración pública y defensa,Nominal, 1497.8764
2006-12-01,Administración pública y defensa,Nominal, 1593.5637
2007-03-01,Administración pública y defensa,Nominal, 1449.4198
2007-06-01,Administración pública y defensa,Nominal, 1499.1083
2007-09-01,Administración pública y defensa,Nominal, 1561.4346
2007-12-01,Administración pública y defensa,Nominal, 1637.0577
2008-03-01,Administración pública y defensa,Nominal, 1637.1520
2008-06-01,Administración pública y defensa,Nominal, 1717.0720
2008-09-01,Administración pública y defensa,Nominal, 1762.5743
2008-12-01,Administración pública y defensa,Nominal, 1927.4417
2009-03-01,Administración pública y defensa,Nominal, 1797.7720
2009-06-01,Administración pública y defensa,Nominal, 1841.3889
2009-09-01,Administración pública y defensa,Nominal, 1869.1603
2009-12-01,Administración pública y defensa,Nominal, 2054.0376
2010-03-01,Administración pública y defensa,Nominal, 1920.1099
2010-06-01,Administración pública y defensa,Nominal, 1967.0260
2010-09-01,Administración pública y defensa,Nominal, 2017.9979
2010-12-01,Administración pública y defensa,Nominal, 2246.5225
2011-03-01,Administración pública y defensa,Nominal, 2146.8957
2011-06-01,Administración pública y defensa,Nominal, 2231.5613
2011-09-01,Administración pública y defensa,Nominal, 2295.4401
2011-12-01,Administración pública y defensa,Nominal, 2522.6047
2012-03-01,Administración pública y defensa,Nominal, 2403.4538
2012-06-01,Administración pública y defensa,Nominal, 2533.9076
2012-09-01,Administración pública y defensa,Nominal, 2596.8672
2012-12-01,Administración pública y defensa,Nominal, 2904.7414
2013-03-01,Administración pública y defensa,Nominal, 2760.4706
2013-06-01,Administración pública y defensa,Nominal, 2894.9422
2013-09-01,Administración pública y defensa,Nominal, 3002.5610
2013-12-01,Administración pública y defensa,Nominal, 3392.0846
2014-03-01,Administración pública y defensa,Nominal, 3195.7056
2014-06-01,Administración pública y defensa,Nominal, 3308.0761
2014-09-01,Administración pública y defensa,Nominal, 3412.5270
2014-12-01,Administración pública y defensa,Nominal, 3908.0862
2015-03-01,Administración pública y defensa,Nominal, 3581.4053
2015-06-01,Administración pública y defensa,Nominal, 3683.0271
2015-09-01,Administración pública y defensa,Nominal, 3740.0108
2015-12-01,Administración pública y defensa,Nominal, 4228.6919
2016-03-01,Administración pública y defensa,Nominal, 3813.7353
2016-06-01,Administración pública y defensa,Nominal, 3958.2499
2016-09-01,Administración pública y defensa,Nominal, 3994.3486
2016-12-01,Administración pública y defensa,Nominal,  4675.6226
2017-03-01,Administración pública y defensa,Nominal,  4271.9267
2017-06-01,Administración pública y defensa,Nominal, 4356.8052
2017-09-01,Administración pública y defensa,Nominal,  4489.6136
2017-12-01,Administración pública y defensa,Nominal,  5095.4218
2018-03-01,Administración pública y defensa,Nominal,  4641.9585
2018-06-01,Administración pública y defensa,Nominal, 4722.3586
2018-09-01,Administración pública y defensa,Nominal,  4758.7819
2018-12-01,Administración pública y defensa,Nominal,  5155.7266
2019-03-01,Administración pública y defensa,Nominal,  4749.9436
2019-06-01,Administración pública y defensa,Nominal, 4763.7487
2019-09-01,Administración pública y defensa,Nominal,  4778.9216
2019-12-01,Administración pública y defensa,Nominal,  5258.5309
2020-03-01,Administración pública y defensa,Nominal,  4861.0579
2020-06-01,Administración pública y defensa,Nominal, 4963.9896
2006-03-01,Enseñanza,Nominal, 1351.7506
2006-06-01,Enseñanza,Nominal, 1325.6177
2006-09-01,Enseñanza,Nominal, 1330.1883
2006-12-01,Enseñanza,Nominal, 1322.3440
2007-03-01,Enseñanza,Nominal, 1588.2132
2007-06-01,Enseñanza,Nominal, 1521.7633
2007-09-01,Enseñanza,Nominal, 1541.8911
2007-12-01,Enseñanza,Nominal, 1542.9765
2008-03-01,Enseñanza,Nominal, 1805.5193
2008-06-01,Enseñanza,Nominal, 1760.4905
2008-09-01,Enseñanza,Nominal, 1845.8846
2008-12-01,Enseñanza,Nominal, 1860.2286
2009-03-01,Enseñanza,Nominal, 2068.7676
2009-06-01,Enseñanza,Nominal, 2056.0016
2009-09-01,Enseñanza,Nominal, 2070.3076
2009-12-01,Enseñanza,Nominal, 2077.5009
2010-03-01,Enseñanza,Nominal, 2233.4231
2010-06-01,Enseñanza,Nominal, 2032.9201
2010-09-01,Enseñanza,Nominal, 2224.2299
2010-12-01,Enseñanza,Nominal, 2209.1365
2011-03-01,Enseñanza,Nominal, 2329.0883
2011-06-01,Enseñanza,Nominal, 2378.2950
2011-09-01,Enseñanza,Nominal, 2460.2274
2011-12-01,Enseñanza,Nominal, 2480.9144
2012-03-01,Enseñanza,Nominal, 2673.9100
2012-06-01,Enseñanza,Nominal, 2662.9320
2012-09-01,Enseñanza,Nominal, 2687.7702
2012-12-01,Enseñanza,Nominal, 2782.9201
2013-03-01,Enseñanza,Nominal, 2831.8895
2013-06-01,Enseñanza,Nominal, 2910.3832
2013-09-01,Enseñanza,Nominal, 2942.6472
2013-12-01,Enseñanza,Nominal, 3105.0195
2014-03-01,Enseñanza,Nominal, 3469.2690
2014-06-01,Enseñanza,Nominal, 3444.8170
2014-09-01,Enseñanza,Nominal, 3343.8854
2014-12-01,Enseñanza,Nominal, 3665.8878
2015-03-01,Enseñanza,Nominal, 3743.9434
2015-06-01,Enseñanza,Nominal, 3936.9658
2015-09-01,Enseñanza,Nominal, 3943.0942
2015-12-01,Enseñanza,Nominal, 4022.3629
2016-03-01,Enseñanza,Nominal, 4257.5625
2016-06-01,Enseñanza,Nominal, 4513.7323
2016-09-01,Enseñanza,Nominal, 4515.4015
2016-12-01,Enseñanza,Nominal,  4549.7357
2017-03-01,Enseñanza,Nominal,  4926.7429
2017-06-01,Enseñanza,Nominal, 5019.6696
2017-09-01,Enseñanza,Nominal,  5099.4607
2017-12-01,Enseñanza,Nominal,  5174.2859
2018-03-01,Enseñanza,Nominal,  5434.8734
2018-06-01,Enseñanza,Nominal, 5520.4805
2018-09-01,Enseñanza,Nominal,  5628.6469
2018-12-01,Enseñanza,Nominal,  5677.8212
2019-03-01,Enseñanza,Nominal,  5622.3968
2019-06-01,Enseñanza,Nominal, 5602.7779
2019-09-01,Enseñanza,Nominal,  5944.7317
2019-12-01,Enseñanza,Nominal,  5922.9405
2020-03-01,Enseñanza,Nominal,  5831.2422
2020-06-01,Enseñanza,Nominal, 5810.7444
2006-03-01,Salud,Nominal,  657.2105
2006-06-01,Salud,Nominal,  676.7881
2006-09-01,Salud,Nominal,  724.4260
2006-12-01,Salud,Nominal,  759.1174
2007-03-01,Salud,Nominal,  758.4667
2007-06-01,Salud,Nominal,  803.7746
2007-09-01,Salud,Nominal,  882.6822
2007-12-01,Salud,Nominal,  895.4973
2008-03-01,Salud,Nominal,  908.3730
2008-06-01,Salud,Nominal,  951.6692
2008-09-01,Salud,Nominal,  985.5347
2008-12-01,Salud,Nominal,  974.4975
2009-03-01,Salud,Nominal,  952.0975
2009-06-01,Salud,Nominal, 1040.4840
2009-09-01,Salud,Nominal, 1057.9442
2009-12-01,Salud,Nominal, 1081.3199
2010-03-01,Salud,Nominal, 1092.3201
2010-06-01,Salud,Nominal, 1111.5773
2010-09-01,Salud,Nominal, 1110.7184
2010-12-01,Salud,Nominal, 1152.5234
2011-03-01,Salud,Nominal, 1173.9996
2011-06-01,Salud,Nominal, 1189.7331
2011-09-01,Salud,Nominal, 1278.7662
2011-12-01,Salud,Nominal, 1297.1602
2012-03-01,Salud,Nominal, 1346.7662
2012-06-01,Salud,Nominal, 1436.7418
2012-09-01,Salud,Nominal, 1411.7347
2012-12-01,Salud,Nominal, 1404.3206
2013-03-01,Salud,Nominal, 1555.7817
2013-06-01,Salud,Nominal, 1608.3830
2013-09-01,Salud,Nominal, 1593.0265
2013-12-01,Salud,Nominal, 1616.3954
2014-03-01,Salud,Nominal, 1788.1132
2014-06-01,Salud,Nominal, 1881.8821
2014-09-01,Salud,Nominal, 1954.1894
2014-12-01,Salud,Nominal, 2012.8712
2015-03-01,Salud,Nominal, 2089.1962
2015-06-01,Salud,Nominal, 2150.2493
2015-09-01,Salud,Nominal, 2184.4789
2015-12-01,Salud,Nominal, 2216.6680
2016-03-01,Salud,Nominal, 2260.0103
2016-06-01,Salud,Nominal, 2328.1046
2016-09-01,Salud,Nominal, 2302.7273
2016-12-01,Salud,Nominal,  2361.1685
2017-03-01,Salud,Nominal,  2527.1256
2017-06-01,Salud,Nominal, 2670.2240
2017-09-01,Salud,Nominal,  2702.6521
2017-12-01,Salud,Nominal,  2776.7967
2018-03-01,Salud,Nominal,  2856.4235
2018-06-01,Salud,Nominal, 2988.3186
2018-09-01,Salud,Nominal,  3005.5427
2018-12-01,Salud,Nominal,  3065.7858
2019-03-01,Salud,Nominal,  3048.3707
2019-06-01,Salud,Nominal, 3084.5016
2019-09-01,Salud,Nominal,  3097.9859
2019-12-01,Salud,Nominal,  3142.2272
2020-03-01,Salud,Nominal,  3200.5955
2020-06-01,Salud,Nominal, 3250.9813
2006-03-01,Otros servicios,Nominal, 2394.8446
2006-06-01,Otros servicios,Nominal, 2574.3942
2006-09-01,Otros servicios,Nominal, 2656.5173
2006-12-01,Otros servicios,Nominal, 2975.0268
2007-03-01,Otros servicios,Nominal, 2725.9117
2007-06-01,Otros servicios,Nominal, 2799.9769
2007-09-01,Otros servicios,Nominal, 2959.9071
2007-12-01,Otros servicios,Nominal, 3468.7645
2008-03-01,Otros servicios,Nominal, 3238.3839
2008-06-01,Otros servicios,Nominal, 3455.0191
2008-09-01,Otros servicios,Nominal, 3547.0502
2008-12-01,Otros servicios,Nominal, 3941.3573
2009-03-01,Otros servicios,Nominal, 3411.8621
2009-06-01,Otros servicios,Nominal, 3791.4444
2009-09-01,Otros servicios,Nominal, 3793.9047
2009-12-01,Otros servicios,Nominal, 4293.1658
2010-03-01,Otros servicios,Nominal, 3850.0640
2010-06-01,Otros servicios,Nominal, 4063.8825
2010-09-01,Otros servicios,Nominal, 4269.8198
2010-12-01,Otros servicios,Nominal, 4779.9238
2011-03-01,Otros servicios,Nominal, 4133.2365
2011-06-01,Otros servicios,Nominal, 4187.1739
2011-09-01,Otros servicios,Nominal, 4522.6398
2011-12-01,Otros servicios,Nominal, 4895.8585
2012-03-01,Otros servicios,Nominal, 4596.5574
2012-06-01,Otros servicios,Nominal, 4945.5992
2012-09-01,Otros servicios,Nominal, 5082.9451
2012-12-01,Otros servicios,Nominal, 5565.2109
2013-03-01,Otros servicios,Nominal, 5373.1196
2013-06-01,Otros servicios,Nominal, 5684.3937
2013-09-01,Otros servicios,Nominal, 5517.9801
2013-12-01,Otros servicios,Nominal, 5647.7015
2014-03-01,Otros servicios,Nominal, 5954.2644
2014-06-01,Otros servicios,Nominal, 6276.1950
2014-09-01,Otros servicios,Nominal, 6214.3529
2014-12-01,Otros servicios,Nominal, 6618.3532
2015-03-01,Otros servicios,Nominal, 6584.6334
2015-06-01,Otros servicios,Nominal, 6777.6978
2015-09-01,Otros servicios,Nominal, 6948.5895
2015-12-01,Otros servicios,Nominal, 7326.5198
2016-03-01,Otros servicios,Nominal, 7607.4288
2016-06-01,Otros servicios,Nominal, 7870.2370
2016-09-01,Otros servicios,Nominal, 7421.5202
2016-12-01,Otros servicios,Nominal,  7881.8974
2017-03-01,Otros servicios,Nominal,  8191.4257
2017-06-01,Otros servicios,Nominal, 8241.8484
2017-09-01,Otros servicios,Nominal,  7880.1132
2017-12-01,Otros servicios,Nominal,  8397.8305
2018-03-01,Otros servicios,Nominal,  8351.0442
2018-06-01,Otros servicios,Nominal, 8357.2937
2018-09-01,Otros servicios,Nominal,  7818.9881
2018-12-01,Otros servicios,Nominal,  8207.6148
2019-03-01,Otros servicios,Nominal,  8604.2081
2019-06-01,Otros servicios,Nominal, 8379.8180
2019-09-01,Otros servicios,Nominal,  7689.1567
2019-12-01,Otros servicios,Nominal,  8244.8905
2020-03-01,Otros servicios,Nominal,  8740.1712
2020-06-01,Otros servicios,Nominal, 8370.5137
2006-03-01,PIB,Real,29018.5536
2006-06-01,PIB,Real,28593.75402
2006-09-01,PIB,Real,29768.1643
2006-12-01,PIB,Real,31457.2383
2007-03-01,PIB,Real,30124.5994
2007-06-01,PIB,Real,29941.0057
2007-09-01,PIB,Real,31317.3303
2007-12-01,PIB,Real,33487.3954
2008-03-01,PIB,Real,31798.3168
2008-06-01,PIB,Real,32147.1680
2008-09-01,PIB,Real,32621.3511
2008-12-01,PIB,Real,32593.6859
2009-03-01,PIB,Real,30144.3993
2009-06-01,PIB,Real,30215.4301
2009-09-01,PIB,Real,31564.6264
2009-12-01,PIB,Real,32983.2425
2010-03-01,PIB,Real,31282.6163
2010-06-01,PIB,Real,31181.9498
2010-09-01,PIB,Real,33137.3821
2010-12-01,PIB,Real,34814.3034
2011-03-01,PIB,Real,32937.4532
2011-06-01,PIB,Real,33669.1127
2011-09-01,PIB,Real,35341.9283
2011-12-01,PIB,Real,36705.7418
2012-03-01,PIB,Real,35957.6598
2012-06-01,PIB,Real,35179.0834
2012-09-01,PIB,Real,36897.8743
2012-12-01,PIB,Real,39626.7870
2013-03-01,PIB,Real,37240.2445
2013-06-01,PIB,Real,37722.2313
2013-09-01,PIB,Real,39052.8755
2013-12-01,PIB,Real,40921.4696
2014-03-01,PIB,Real,39391.5161
2014-06-01,PIB,Real,39116.7662
2014-09-01,PIB,Real,40512.5985
2014-12-01,PIB,Real,43330.3799
2015-03-01,PIB,Real,41040.8938
2015-06-01,PIB,Real,40203.7620
2015-09-01,PIB,Real,42724.8475
2015-12-01,PIB,Real,46162.0644
2016-03-01,PIB,Real,42511.9403
2016-06-01,PIB,Real,42975.9964
2016-09-01,PIB,Real,44424.8855
2016-12-01,PIB,Real,47982.0998
2017-03-01,PIB,Real,45495.3487
2017-06-01,PIB,Real,44819.3017
2017-09-01,PIB,Real,45963.3564
2017-12-01,PIB,Real,49855.5981
2018-03-01,PIB,Real,46668.8659
2018-06-01,PIB,Real,42388.6016
2018-09-01,PIB,Real,43636.7610
2018-12-01,PIB,Real,46086.3929
2019-03-01,PIB,Real,42528.1654
2019-06-01,PIB,Real,41030.7101
2019-09-01,PIB,Real,42224.8121
2019-12-01,PIB,Real,46062.1702
2020-03-01,PIB,Real,43249.9122
2020-06-01,PIB,Real,37772.9903
2006-03-01,Impuestos netos a la producción,Real, 2703.8665
2006-06-01,Impuestos netos a la producción,Real, 2698.28695
2006-09-01,Impuestos netos a la producción,Real, 2828.9921
2006-12-01,Impuestos netos a la producción,Real, 3016.8140
2007-03-01,Impuestos netos a la producción,Real, 2870.5390
2007-06-01,Impuestos netos a la producción,Real, 2854.4688
2007-09-01,Impuestos netos a la producción,Real, 3055.2478
2007-12-01,Impuestos netos a la producción,Real, 3288.8642
2008-03-01,Impuestos netos a la producción,Real, 3081.1398
2008-06-01,Impuestos netos a la producción,Real, 3091.8920
2008-09-01,Impuestos netos a la producción,Real, 3049.1599
2008-12-01,Impuestos netos a la producción,Real, 3130.4416
2009-03-01,Impuestos netos a la producción,Real, 2881.3739
2009-06-01,Impuestos netos a la producción,Real, 2944.5280
2009-09-01,Impuestos netos a la producción,Real, 3062.1390
2009-12-01,Impuestos netos a la producción,Real, 3161.2435
2010-03-01,Impuestos netos a la producción,Real, 2936.9465
2010-06-01,Impuestos netos a la producción,Real, 2944.5427
2010-09-01,Impuestos netos a la producción,Real, 3104.6120
2010-12-01,Impuestos netos a la producción,Real, 3200.7396
2011-03-01,Impuestos netos a la producción,Real, 3278.8195
2011-06-01,Impuestos netos a la producción,Real, 3306.1928
2011-09-01,Impuestos netos a la producción,Real, 3438.4434
2011-12-01,Impuestos netos a la producción,Real, 3362.2073
2012-03-01,Impuestos netos a la producción,Real, 3705.8218
2012-06-01,Impuestos netos a la producción,Real, 3630.0775
2012-09-01,Impuestos netos a la producción,Real, 3573.7713
2012-12-01,Impuestos netos a la producción,Real, 3651.7067
2013-03-01,Impuestos netos a la producción,Real, 3517.0104
2013-06-01,Impuestos netos a la producción,Real, 3694.6347
2013-09-01,Impuestos netos a la producción,Real, 3788.9083
2013-12-01,Impuestos netos a la producción,Real, 3972.8692
2014-03-01,Impuestos netos a la producción,Real, 3748.8909
2014-06-01,Impuestos netos a la producción,Real, 3799.3513
2014-09-01,Impuestos netos a la producción,Real, 3931.7103
2014-12-01,Impuestos netos a la producción,Real, 4163.0879
2015-03-01,Impuestos netos a la producción,Real, 4073.8013
2015-06-01,Impuestos netos a la producción,Real, 3981.3507
2015-09-01,Impuestos netos a la producción,Real, 4365.8445
2015-12-01,Impuestos netos a la producción,Real, 4565.2663
2016-03-01,Impuestos netos a la producción,Real, 4274.9126
2016-06-01,Impuestos netos a la producción,Real, 4198.9745
2016-09-01,Impuestos netos a la producción,Real, 4577.7021
2016-12-01,Impuestos netos a la producción,Real, 4832.7254
2017-03-01,Impuestos netos a la producción,Real, 4390.6775
2017-06-01,Impuestos netos a la producción,Real, 4337.6422
2017-09-01,Impuestos netos a la producción,Real, 4681.3686
2017-12-01,Impuestos netos a la producción,Real, 5045.9260
2018-03-01,Impuestos netos a la producción,Real, 4591.1235
2018-06-01,Impuestos netos a la producción,Real, 4103.9378
2018-09-01,Impuestos netos a la producción,Real, 4047.2957
2018-12-01,Impuestos netos a la producción,Real, 4209.0307
2019-03-01,Impuestos netos a la producción,Real, 4048.8206
2019-06-01,Impuestos netos a la producción,Real, 4111.7985
2019-09-01,Impuestos netos a la producción,Real, 4174.9227
2019-12-01,Impuestos netos a la producción,Real, 4297.5696
2020-03-01,Impuestos netos a la producción,Real, 4281.2440
2020-06-01,Impuestos netos a la producción,Real, 3915.5724
2006-03-01,Agricultura,Real, 2195.0201
2006-06-01,Agricultura,Real, 2051.77704
2006-09-01,Agricultura,Real, 2417.1450
2006-12-01,Agricultura,Real, 2831.3290
2007-03-01,Agricultura,Real, 2069.6212
2007-06-01,Agricultura,Real, 2510.3426
2007-09-01,Agricultura,Real, 2900.5363
2007-12-01,Agricultura,Real, 3212.8518
2008-03-01,Agricultura,Real, 2189.9112
2008-06-01,Agricultura,Real, 2716.7128
2008-09-01,Agricultura,Real, 2656.1947
2008-12-01,Agricultura,Real, 2505.4011
2009-03-01,Agricultura,Real, 2144.4154
2009-06-01,Agricultura,Real, 2502.1802
2009-09-01,Agricultura,Real, 2769.0652
2009-12-01,Agricultura,Real, 3065.6461
2010-03-01,Agricultura,Real, 2117.2259
2010-06-01,Agricultura,Real, 2446.6316
2010-09-01,Agricultura,Real, 3063.3437
2010-12-01,Agricultura,Real, 3127.5688
2011-03-01,Agricultura,Real, 2118.6238
2011-06-01,Agricultura,Real, 2950.9802
2011-09-01,Agricultura,Real, 3152.8923
2011-12-01,Agricultura,Real, 3357.9451
2012-03-01,Agricultura,Real, 2692.9020
2012-06-01,Agricultura,Real, 2688.4110
2012-09-01,Agricultura,Real, 3024.3826
2012-12-01,Agricultura,Real, 3447.1671
2013-03-01,Agricultura,Real, 2564.0004
2013-06-01,Agricultura,Real, 2629.8443
2013-09-01,Agricultura,Real, 3086.6315
2013-12-01,Agricultura,Real, 3253.9658
2014-03-01,Agricultura,Real, 2498.4982
2014-06-01,Agricultura,Real, 2571.1129
2014-09-01,Agricultura,Real, 2919.9753
2014-12-01,Agricultura,Real, 3506.2827
2015-03-01,Agricultura,Real, 2630.2676
2015-06-01,Agricultura,Real, 2574.7222
2015-09-01,Agricultura,Real, 2993.6795
2015-12-01,Agricultura,Real, 3320.1831
2016-03-01,Agricultura,Real, 2630.0883
2016-06-01,Agricultura,Real, 3088.5697
2016-09-01,Agricultura,Real, 3167.8010
2016-12-01,Agricultura,Real, 3600.1706
2017-03-01,Agricultura,Real, 2937.5095
2017-06-01,Agricultura,Real, 3190.1266
2017-09-01,Agricultura,Real, 3406.8658
2017-12-01,Agricultura,Real, 3831.8497
2018-03-01,Agricultura,Real, 2917.7019
2018-06-01,Agricultura,Real, 3078.3885
2018-09-01,Agricultura,Real, 3678.2951
2018-12-01,Agricultura,Real, 4144.9321
2019-03-01,Agricultura,Real, 3060.7613
2019-06-01,Agricultura,Real, 3241.9017
2019-09-01,Agricultura,Real, 3816.4135
2019-12-01,Agricultura,Real, 4214.6575
2020-03-01,Agricultura,Real, 3089.4302
2020-06-01,Agricultura,Real, 3278.8562
2006-03-01,Pecuario,Real, 1653.5049
2006-06-01,Pecuario,Real, 1663.84569
2006-09-01,Pecuario,Real, 1852.5855
2006-12-01,Pecuario,Real, 1897.9729
2007-03-01,Pecuario,Real, 1875.8379
2007-06-01,Pecuario,Real, 1876.2356
2007-09-01,Pecuario,Real, 2074.6654
2007-12-01,Pecuario,Real, 2105.5899
2008-03-01,Pecuario,Real, 2122.5217
2008-06-01,Pecuario,Real, 2187.6421
2008-09-01,Pecuario,Real, 2347.2763
2008-12-01,Pecuario,Real, 2130.1647
2009-03-01,Pecuario,Real, 1985.3956
2009-06-01,Pecuario,Real, 2006.4262
2009-09-01,Pecuario,Real, 2225.8826
2009-12-01,Pecuario,Real, 2185.5307
2010-03-01,Pecuario,Real, 2049.6860
2010-06-01,Pecuario,Real, 2139.1339
2010-09-01,Pecuario,Real, 2189.1310
2010-12-01,Pecuario,Real, 2232.0088
2011-03-01,Pecuario,Real, 2193.1304
2011-06-01,Pecuario,Real, 2203.1435
2011-09-01,Pecuario,Real, 2272.3604
2011-12-01,Pecuario,Real, 2228.9194
2012-03-01,Pecuario,Real, 2070.2718
2012-06-01,Pecuario,Real, 1897.8632
2012-09-01,Pecuario,Real, 2023.3912
2012-12-01,Pecuario,Real, 2216.0362
2013-03-01,Pecuario,Real, 1988.8499
2013-06-01,Pecuario,Real, 1954.0967
2013-09-01,Pecuario,Real, 1984.4952
2013-12-01,Pecuario,Real, 2095.2828
2014-03-01,Pecuario,Real, 2142.9656
2014-06-01,Pecuario,Real, 1914.7510
2014-09-01,Pecuario,Real, 2128.7272
2014-12-01,Pecuario,Real, 2136.3771
2015-03-01,Pecuario,Real, 2070.4121
2015-06-01,Pecuario,Real, 2019.4694
2015-09-01,Pecuario,Real, 2030.0841
2015-12-01,Pecuario,Real, 2121.9429
2016-03-01,Pecuario,Real, 1884.5646
2016-06-01,Pecuario,Real, 2009.6554
2016-09-01,Pecuario,Real, 2243.0345
2016-12-01,Pecuario,Real, 2275.6079
2017-03-01,Pecuario,Real, 2455.5189
2017-06-01,Pecuario,Real, 2364.5631
2017-09-01,Pecuario,Real, 2448.6215
2017-12-01,Pecuario,Real, 2302.5654
2018-03-01,Pecuario,Real, 2324.3699
2018-06-01,Pecuario,Real, 2046.7467
2018-09-01,Pecuario,Real, 2448.8248
2018-12-01,Pecuario,Real, 2359.8549
2019-03-01,Pecuario,Real, 2331.4739
2019-06-01,Pecuario,Real, 2187.0203
2019-09-01,Pecuario,Real, 2442.8143
2019-12-01,Pecuario,Real, 2661.3849
2020-03-01,Pecuario,Real, 2567.4679
2020-06-01,Pecuario,Real, 2233.9959
2006-03-01,Silvicultura,Real,  394.6290
2006-06-01,Silvicultura,Real,  353.10484
2006-09-01,Silvicultura,Real,  336.1017
2006-12-01,Silvicultura,Real,  356.5732
2007-03-01,Silvicultura,Real,  380.1262
2007-06-01,Silvicultura,Real,  372.2200
2007-09-01,Silvicultura,Real,  356.2344
2007-12-01,Silvicultura,Real,  377.0095
2008-03-01,Silvicultura,Real,  397.3072
2008-06-01,Silvicultura,Real,  354.3444
2008-09-01,Silvicultura,Real,  407.1292
2008-12-01,Silvicultura,Real,  359.3055
2009-03-01,Silvicultura,Real,  402.2884
2009-06-01,Silvicultura,Real,  338.4628
2009-09-01,Silvicultura,Real,  360.3684
2009-12-01,Silvicultura,Real,  402.9290
2010-03-01,Silvicultura,Real,  381.4755
2010-06-01,Silvicultura,Real,  330.0084
2010-09-01,Silvicultura,Real,  398.4090
2010-12-01,Silvicultura,Real,  404.0039
2011-03-01,Silvicultura,Real,  357.6144
2011-06-01,Silvicultura,Real,  357.0003
2011-09-01,Silvicultura,Real,  431.9867
2011-12-01,Silvicultura,Real,  456.0224
2012-03-01,Silvicultura,Real,  400.5752
2012-06-01,Silvicultura,Real,  352.3622
2012-09-01,Silvicultura,Real,  442.9987
2012-12-01,Silvicultura,Real,  436.8556
2013-03-01,Silvicultura,Real,  407.7615
2013-06-01,Silvicultura,Real,  358.8740
2013-09-01,Silvicultura,Real,  427.0873
2013-12-01,Silvicultura,Real,  449.8264
2014-03-01,Silvicultura,Real,  397.5239
2014-06-01,Silvicultura,Real,  371.5379
2014-09-01,Silvicultura,Real,  416.4545
2014-12-01,Silvicultura,Real,  473.3323
2015-03-01,Silvicultura,Real,  447.8055
2015-06-01,Silvicultura,Real,  316.6442
2015-09-01,Silvicultura,Real,  446.2029
2015-12-01,Silvicultura,Real,  448.9360
2016-03-01,Silvicultura,Real,  414.5689
2016-06-01,Silvicultura,Real,  353.8008
2016-09-01,Silvicultura,Real,  415.2954
2016-12-01,Silvicultura,Real,  435.6941
2017-03-01,Silvicultura,Real,  423.5588
2017-06-01,Silvicultura,Real,  360.4033
2017-09-01,Silvicultura,Real,  401.4600
2017-12-01,Silvicultura,Real,  439.4328
2018-03-01,Silvicultura,Real,  415.9350
2018-06-01,Silvicultura,Real,  339.8959
2018-09-01,Silvicultura,Real,  395.8675
2018-12-01,Silvicultura,Real,  415.0834
2019-03-01,Silvicultura,Real,  417.4595
2019-06-01,Silvicultura,Real,  344.2100
2019-09-01,Silvicultura,Real,  381.4838
2019-12-01,Silvicultura,Real,  400.6262
2020-03-01,Silvicultura,Real,  408.7787
2020-06-01,Silvicultura,Real,  332.7302
2006-03-01,Pesca,Real,  213.9508
2006-06-01,Pesca,Real,   57.81693
2006-09-01,Pesca,Real,  314.7019
2006-12-01,Pesca,Real,  304.7364
2007-03-01,Pesca,Real,  184.3928
2007-06-01,Pesca,Real,  103.8321
2007-09-01,Pesca,Real,  364.9545
2007-12-01,Pesca,Real,  355.4026
2008-03-01,Pesca,Real,  192.9922
2008-06-01,Pesca,Real,  190.6886
2008-09-01,Pesca,Real,  433.5353
2008-12-01,Pesca,Real,  361.0882
2009-03-01,Pesca,Real,  197.7312
2009-06-01,Pesca,Real,  200.9915
2009-09-01,Pesca,Real,  521.0173
2009-12-01,Pesca,Real,  424.2246
2010-03-01,Pesca,Real,  229.6700
2010-06-01,Pesca,Real,  164.0335
2010-09-01,Pesca,Real,  522.7163
2010-12-01,Pesca,Real,  499.3988
2011-03-01,Pesca,Real,  221.7931
2011-06-01,Pesca,Real,  170.1729
2011-09-01,Pesca,Real,  530.8078
2011-12-01,Pesca,Real,  435.8154
2012-03-01,Pesca,Real,  188.2636
2012-06-01,Pesca,Real,  216.3788
2012-09-01,Pesca,Real,  616.0859
2012-12-01,Pesca,Real,  502.7391
2013-03-01,Pesca,Real,  211.9668
2013-06-01,Pesca,Real,  198.4871
2013-09-01,Pesca,Real,  604.5352
2013-12-01,Pesca,Real,  586.7051
2014-03-01,Pesca,Real,  246.6500
2014-06-01,Pesca,Real,  326.2577
2014-09-01,Pesca,Real,  694.1732
2014-12-01,Pesca,Real,  616.5197
2015-03-01,Pesca,Real,  258.4795
2015-06-01,Pesca,Real,  240.8460
2015-09-01,Pesca,Real,  645.6151
2015-12-01,Pesca,Real,  607.3553
2016-03-01,Pesca,Real,  260.7819
2016-06-01,Pesca,Real,  263.5396
2016-09-01,Pesca,Real,  581.2829
2016-12-01,Pesca,Real,  606.1458
2017-03-01,Pesca,Real,  246.6126
2017-06-01,Pesca,Real,  310.7110
2017-09-01,Pesca,Real,  613.0372
2017-12-01,Pesca,Real,  704.3056
2018-03-01,Pesca,Real,  382.3480
2018-06-01,Pesca,Real,  427.2390
2018-09-01,Pesca,Real,  641.5883
2018-12-01,Pesca,Real,  694.2223
2019-03-01,Pesca,Real,  291.7562
2019-06-01,Pesca,Real,  322.2865
2019-09-01,Pesca,Real,  608.2013
2019-12-01,Pesca,Real,  611.3494
2020-03-01,Pesca,Real,  391.6372
2020-06-01,Pesca,Real,  232.4317
2006-03-01,Minería,Real,  262.1760
2006-06-01,Minería,Real,  278.10350
2006-09-01,Minería,Real,  257.9608
2006-12-01,Minería,Real,  290.8898
2007-03-01,Minería,Real,  350.4526
2007-06-01,Minería,Real,  261.6814
2007-09-01,Minería,Real,  211.6662
2007-12-01,Minería,Real,  225.0679
2008-03-01,Minería,Real,  277.6988
2008-06-01,Minería,Real,  247.0263
2008-09-01,Minería,Real,  244.9986
2008-12-01,Minería,Real,  243.3007
2009-03-01,Minería,Real,  264.9050
2009-06-01,Minería,Real,  241.4360
2009-09-01,Minería,Real,  261.6684
2009-12-01,Minería,Real,  210.6484
2010-03-01,Minería,Real,  327.0992
2010-06-01,Minería,Real,  323.5869
2010-09-01,Minería,Real,  383.5347
2010-12-01,Minería,Real,  449.2577
2011-03-01,Minería,Real,  461.4932
2011-06-01,Minería,Real,  454.6686
2011-09-01,Minería,Real,  437.0013
2011-12-01,Minería,Real,  511.4025
2012-03-01,Minería,Real,  474.1468
2012-06-01,Minería,Real,  495.0369
2012-09-01,Minería,Real,  527.0084
2012-12-01,Minería,Real,  572.2399
2013-03-01,Minería,Real,  579.4363
2013-06-01,Minería,Real,  576.8726
2013-09-01,Minería,Real,  647.7931
2013-12-01,Minería,Real,  727.5396
2014-03-01,Minería,Real,  592.5692
2014-06-01,Minería,Real,  641.4215
2014-09-01,Minería,Real,  637.8551
2014-12-01,Minería,Real,  669.2708
2015-03-01,Minería,Real,  592.4543
2015-06-01,Minería,Real,  606.2234
2015-09-01,Minería,Real,  627.0339
2015-12-01,Minería,Real,  708.0446
2016-03-01,Minería,Real,  645.2957
2016-06-01,Minería,Real,  625.2164
2016-09-01,Minería,Real,  739.0477
2016-12-01,Minería,Real,  731.2506
2017-03-01,Minería,Real,  671.7447
2017-06-01,Minería,Real,  650.1125
2017-09-01,Minería,Real,  601.5281
2017-12-01,Minería,Real,  612.3710
2018-03-01,Minería,Real,  653.6752
2018-06-01,Minería,Real,  649.1600
2018-09-01,Minería,Real,  652.2275
2018-12-01,Minería,Real,  638.5026
2019-03-01,Minería,Real,  666.6243
2019-06-01,Minería,Real,  669.8222
2019-09-01,Minería,Real,  830.0716
2019-12-01,Minería,Real,  807.0516
2020-03-01,Minería,Real,  766.3808
2020-06-01,Minería,Real,  467.4774
2006-03-01,Manufactura,Real, 4332.6842
2006-06-01,Manufactura,Real, 3670.53449
2006-09-01,Manufactura,Real, 4050.0567
2006-12-01,Manufactura,Real, 4100.4499
2007-03-01,Manufactura,Real, 4391.3586
2007-06-01,Manufactura,Real, 3843.1784
2007-09-01,Manufactura,Real, 4158.6110
2007-12-01,Manufactura,Real, 4364.8510
2008-03-01,Manufactura,Real, 4642.6985
2008-06-01,Manufactura,Real, 4132.9985
2008-09-01,Manufactura,Real, 4244.6024
2008-12-01,Manufactura,Real, 3967.9843
2009-03-01,Manufactura,Real, 4198.8393
2009-06-01,Manufactura,Real, 3439.9662
2009-09-01,Manufactura,Real, 4219.8916
2009-12-01,Manufactura,Real, 4198.6438
2010-03-01,Manufactura,Real, 4475.6470
2010-06-01,Manufactura,Real, 4028.6918
2010-09-01,Manufactura,Real, 4517.4935
2010-12-01,Manufactura,Real, 4464.3521
2011-03-01,Manufactura,Real, 4789.7466
2011-06-01,Manufactura,Real, 4337.3716
2011-09-01,Manufactura,Real, 5064.8200
2011-12-01,Manufactura,Real, 5015.7797
2012-03-01,Manufactura,Real, 5565.9186
2012-06-01,Manufactura,Real, 4551.0350
2012-09-01,Manufactura,Real, 5342.0768
2012-12-01,Manufactura,Real, 5711.5766
2013-03-01,Manufactura,Real, 5689.3641
2013-06-01,Manufactura,Real, 5197.7506
2013-09-01,Manufactura,Real, 5729.1995
2013-12-01,Manufactura,Real, 5937.6651
2014-03-01,Manufactura,Real, 6311.0020
2014-06-01,Manufactura,Real, 5518.7463
2014-09-01,Manufactura,Real, 6174.8370
2014-12-01,Manufactura,Real, 6256.3551
2015-03-01,Manufactura,Real, 6417.6542
2015-06-01,Manufactura,Real, 5444.3336
2015-09-01,Manufactura,Real, 6471.8388
2015-12-01,Manufactura,Real, 6529.3286
2016-03-01,Manufactura,Real, 6657.5608
2016-06-01,Manufactura,Real, 5978.6578
2016-09-01,Manufactura,Real, 6503.2006
2016-12-01,Manufactura,Real, 6635.4515
2017-03-01,Manufactura,Real, 6860.2613
2017-06-01,Manufactura,Real, 6149.6145
2017-09-01,Manufactura,Real, 6714.5041
2017-12-01,Manufactura,Real, 6786.9747
2018-03-01,Manufactura,Real, 7078.7208
2018-06-01,Manufactura,Real, 5733.4596
2018-09-01,Manufactura,Real, 7064.4084
2018-12-01,Manufactura,Real, 6772.3836
2019-03-01,Manufactura,Real, 6824.6371
2019-06-01,Manufactura,Real, 5940.5982
2019-09-01,Manufactura,Real, 6931.7832
2019-12-01,Manufactura,Real, 6998.7770
2020-03-01,Manufactura,Real, 7193.4162
2020-06-01,Manufactura,Real, 4825.0238
2006-03-01,Construcción,Real, 1401.7468
2006-06-01,Construcción,Real, 1461.34675
2006-09-01,Construcción,Real, 1396.6472
2006-12-01,Construcción,Real, 1531.9273
2007-03-01,Construcción,Real, 1316.2525
2007-06-01,Construcción,Real, 1489.4769
2007-09-01,Construcción,Real, 1227.1154
2007-12-01,Construcción,Real, 1271.7077
2008-03-01,Construcción,Real, 1165.8527
2008-06-01,Construcción,Real, 1179.3958
2008-09-01,Construcción,Real, 1067.5712
2008-12-01,Construcción,Real, 1073.6177
2009-03-01,Construcción,Real,  826.0129
2009-06-01,Construcción,Real,  855.0028
2009-09-01,Construcción,Real,  689.7136
2009-12-01,Construcción,Real,  808.4651
2010-03-01,Construcción,Real,  579.9848
2010-06-01,Construcción,Real,  632.8538
2010-09-01,Construcción,Real,  605.8306
2010-12-01,Construcción,Real,  813.9507
2011-03-01,Construcción,Real,  676.3624
2011-06-01,Construcción,Real,  705.8736
2011-09-01,Construcción,Real,  683.1373
2011-12-01,Construcción,Real,  851.6637
2012-03-01,Construcción,Real,  869.2511
2012-06-01,Construcción,Real,  902.6970
2012-09-01,Construcción,Real,  808.8407
2012-12-01,Construcción,Real, 1125.3898
2013-03-01,Construcción,Real, 1028.3138
2013-06-01,Construcción,Real, 1110.8201
2013-09-01,Construcción,Real, 1015.3436
2013-12-01,Construcción,Real,  958.7623
2014-03-01,Construcción,Real,  989.6255
2014-06-01,Construcción,Real, 1004.2448
2014-09-01,Construcción,Real,  945.0453
2014-12-01,Construcción,Real, 1247.7149
2015-03-01,Construcción,Real, 1194.3643
2015-06-01,Construcción,Real, 1284.4826
2015-09-01,Construcción,Real, 1259.2141
2015-12-01,Construcción,Real, 1513.1534
2016-03-01,Construcción,Real, 1186.2517
2016-06-01,Construcción,Real, 1272.8968
2016-09-01,Construcción,Real, 1283.9223
2016-12-01,Construcción,Real, 1435.9429
2017-03-01,Construcción,Real, 1450.9167
2017-06-01,Construcción,Real, 1292.4149
2017-09-01,Construcción,Real, 1360.8056
2017-12-01,Construcción,Real, 1519.2675
2018-03-01,Construcción,Real, 1380.2722
2018-06-01,Construcción,Real, 1151.8318
2018-09-01,Construcción,Real, 1212.2362
2018-12-01,Construcción,Real, 1004.1110
2019-03-01,Construcción,Real,  637.6283
2019-06-01,Construcción,Real,  688.6518
2019-09-01,Construcción,Real,  728.4156
2019-12-01,Construcción,Real,  884.4830
2020-03-01,Construcción,Real,  743.4402
2020-06-01,Construcción,Real,  658.1452
2006-03-01,Electricidad,Real,  327.4780
2006-06-01,Electricidad,Real,  316.03137
2006-09-01,Electricidad,Real,  287.8807
2006-12-01,Electricidad,Real,  291.8266
2007-03-01,Electricidad,Real,  307.5230
2007-06-01,Electricidad,Real,  290.3456
2007-09-01,Electricidad,Real,  267.6469
2007-12-01,Electricidad,Real,  317.8953
2008-03-01,Electricidad,Real,  409.4252
2008-06-01,Electricidad,Real,  414.0442
2008-09-01,Electricidad,Real,  412.8885
2008-12-01,Electricidad,Real,  425.7536
2009-03-01,Electricidad,Real,  435.3291
2009-06-01,Electricidad,Real,  424.3043
2009-09-01,Electricidad,Real,  412.0849
2009-12-01,Electricidad,Real,  427.3503
2010-03-01,Electricidad,Real,  468.7541
2010-06-01,Electricidad,Real,  464.1529
2010-09-01,Electricidad,Real,  408.8046
2010-12-01,Electricidad,Real,  424.1876
2011-03-01,Electricidad,Real,  451.5151
2011-06-01,Electricidad,Real,  427.9759
2011-09-01,Electricidad,Real,  404.6562
2011-12-01,Electricidad,Real,  431.5333
2012-03-01,Electricidad,Real,  498.7223
2012-06-01,Electricidad,Real,  517.9526
2012-09-01,Electricidad,Real,  516.0902
2012-12-01,Electricidad,Real,  543.3547
2013-03-01,Electricidad,Real,  642.9259
2013-06-01,Electricidad,Real,  670.4582
2013-09-01,Electricidad,Real,  602.4127
2013-12-01,Electricidad,Real,  650.9373
2014-03-01,Electricidad,Real,  746.0342
2014-06-01,Electricidad,Real,  749.0062
2014-09-01,Electricidad,Real,  699.7766
2014-12-01,Electricidad,Real,  695.4367
2015-03-01,Electricidad,Real,  747.0336
2015-06-01,Electricidad,Real,  743.2639
2015-09-01,Electricidad,Real,  722.9602
2015-12-01,Electricidad,Real,  730.5999
2016-03-01,Electricidad,Real,  811.0957
2016-06-01,Electricidad,Real,  779.4426
2016-09-01,Electricidad,Real,  687.4679
2016-12-01,Electricidad,Real,  693.6584
2017-03-01,Electricidad,Real,  758.7194
2017-06-01,Electricidad,Real,  741.2652
2017-09-01,Electricidad,Real,  651.3345
2017-12-01,Electricidad,Real,  687.2666
2018-03-01,Electricidad,Real,  778.3343
2018-06-01,Electricidad,Real,  761.3941
2018-09-01,Electricidad,Real,  702.5538
2018-12-01,Electricidad,Real,  719.5031
2019-03-01,Electricidad,Real,  818.0560
2019-06-01,Electricidad,Real,  791.8720
2019-09-01,Electricidad,Real,  680.0751
2019-12-01,Electricidad,Real,  625.4482
2020-03-01,Electricidad,Real,  709.9389
2020-06-01,Electricidad,Real,  652.0831
2006-03-01,Agua,Real,  137.6462
2006-06-01,Agua,Real,  141.80475
2006-09-01,Agua,Real,  136.6167
2006-12-01,Agua,Real,  134.8767
2007-03-01,Agua,Real,  139.3955
2007-06-01,Agua,Real,  138.9225
2007-09-01,Agua,Real,  127.5488
2007-12-01,Agua,Real,  136.5639
2008-03-01,Agua,Real,  145.8939
2008-06-01,Agua,Real,  145.2292
2008-09-01,Agua,Real,  145.7431
2008-12-01,Agua,Real,  150.6034
2009-03-01,Agua,Real,  166.2853
2009-06-01,Agua,Real,  171.1910
2009-09-01,Agua,Real,  165.7789
2009-12-01,Agua,Real,  164.6359
2010-03-01,Agua,Real,  161.5804
2010-06-01,Agua,Real,  166.8674
2010-09-01,Agua,Real,  170.8249
2010-12-01,Agua,Real,  183.6938
2011-03-01,Agua,Real,  217.1541
2011-06-01,Agua,Real,  237.4921
2011-09-01,Agua,Real,  237.6383
2011-12-01,Agua,Real,  244.3243
2012-03-01,Agua,Real,  251.0146
2012-06-01,Agua,Real,  246.4938
2012-09-01,Agua,Real,  243.9495
2012-12-01,Agua,Real,  243.0703
2013-03-01,Agua,Real,  249.5800
2013-06-01,Agua,Real,  251.4561
2013-09-01,Agua,Real,  238.5083
2013-12-01,Agua,Real,  234.0063
2014-03-01,Agua,Real,  243.8499
2014-06-01,Agua,Real,  252.2715
2014-09-01,Agua,Real,  246.7484
2014-12-01,Agua,Real,  240.7799
2015-03-01,Agua,Real,  247.3292
2015-06-01,Agua,Real,  252.9146
2015-09-01,Agua,Real,  254.6911
2015-12-01,Agua,Real,  256.1626
2016-03-01,Agua,Real,  265.9783
2016-06-01,Agua,Real,  265.4406
2016-09-01,Agua,Real,  268.0554
2016-12-01,Agua,Real,  267.7011
2017-03-01,Agua,Real,  277.0035
2017-06-01,Agua,Real,  274.1182
2017-09-01,Agua,Real,  269.8975
2017-12-01,Agua,Real,  274.7220
2018-03-01,Agua,Real,  283.7891
2018-06-01,Agua,Real,  282.2621
2018-09-01,Agua,Real,  282.8460
2018-12-01,Agua,Real,  285.7610
2019-03-01,Agua,Real,  291.4395
2019-06-01,Agua,Real,  294.7661
2019-09-01,Agua,Real,  281.1163
2019-12-01,Agua,Real,  288.1162
2020-03-01,Agua,Real,  295.7845
2020-06-01,Agua,Real,  292.3780
2006-03-01,Comercio,Real, 3004.0021
2006-06-01,Comercio,Real, 3191.24211
2006-09-01,Comercio,Real, 3160.8417
2006-12-01,Comercio,Real, 3447.1042
2007-03-01,Comercio,Real, 3267.7433
2007-06-01,Comercio,Real, 3157.2407
2007-09-01,Comercio,Real, 3240.0471
2007-12-01,Comercio,Real, 3649.4565
2008-03-01,Comercio,Real, 3459.4549
2008-06-01,Comercio,Real, 3646.9395
2008-09-01,Comercio,Real, 3493.6296
2008-12-01,Comercio,Real, 3537.4091
2009-03-01,Comercio,Real, 3124.4950
2009-06-01,Comercio,Real, 3323.9734
2009-09-01,Comercio,Real, 3407.3693
2009-12-01,Comercio,Real, 3690.0718
2010-03-01,Comercio,Real, 3552.2011
2010-06-01,Comercio,Real, 3494.7642
2010-09-01,Comercio,Real, 3591.8911
2010-12-01,Comercio,Real, 3958.9507
2011-03-01,Comercio,Real, 3860.2136
2011-06-01,Comercio,Real, 3945.0412
2011-09-01,Comercio,Real, 4016.8026
2011-12-01,Comercio,Real, 4251.4987
2012-03-01,Comercio,Real, 4199.7729
2012-06-01,Comercio,Real, 4257.4971
2012-09-01,Comercio,Real, 4361.7326
2012-12-01,Comercio,Real, 4398.9758
2013-03-01,Comercio,Real, 4199.8325
2013-06-01,Comercio,Real, 4452.9457
2013-09-01,Comercio,Real, 4391.0667
2013-12-01,Comercio,Real, 4680.1432
2014-03-01,Comercio,Real, 4418.1013
2014-06-01,Comercio,Real, 4636.4812
2014-09-01,Comercio,Real, 4509.4193
2014-12-01,Comercio,Real, 4838.7568
2015-03-01,Comercio,Real, 4407.1850
2015-06-01,Comercio,Real, 4581.9227
2015-09-01,Comercio,Real, 4669.6214
2015-12-01,Comercio,Real, 5889.6866
2016-03-01,Comercio,Real, 4689.7035
2016-06-01,Comercio,Real, 4900.6621
2016-09-01,Comercio,Real, 4830.0187
2016-12-01,Comercio,Real, 6065.4840
2017-03-01,Comercio,Real, 4869.4556
2017-06-01,Comercio,Real, 5073.7749
2017-09-01,Comercio,Real, 5032.0517
2017-12-01,Comercio,Real, 6463.3706
2018-03-01,Comercio,Real, 5060.2386
2018-06-01,Comercio,Real, 4467.7157
2018-09-01,Comercio,Real, 4116.3028
2018-12-01,Comercio,Real, 5134.8733
2019-03-01,Comercio,Real, 4044.7155
2019-06-01,Comercio,Real, 4053.6169
2019-09-01,Comercio,Real, 3876.4200
2019-12-01,Comercio,Real, 5116.8492
2020-03-01,Comercio,Real, 4336.3803
2020-06-01,Comercio,Real, 4062.4403
2006-03-01,Hoteles y restaurantes,Real,  845.5292
2006-06-01,Hoteles y restaurantes,Real,  802.36246
2006-09-01,Hoteles y restaurantes,Real,  876.0747
2006-12-01,Hoteles y restaurantes,Real,  922.9320
2007-03-01,Hoteles y restaurantes,Real,  928.1238
2007-06-01,Hoteles y restaurantes,Real,  881.5951
2007-09-01,Hoteles y restaurantes,Real,  988.2887
2007-12-01,Hoteles y restaurantes,Real,  929.3098
2008-03-01,Hoteles y restaurantes,Real,  956.0988
2008-06-01,Hoteles y restaurantes,Real,  848.5606
2008-09-01,Hoteles y restaurantes,Real,  909.1667
2008-12-01,Hoteles y restaurantes,Real,  892.5151
2009-03-01,Hoteles y restaurantes,Real,  895.9558
2009-06-01,Hoteles y restaurantes,Real,  893.9907
2009-09-01,Hoteles y restaurantes,Real,  885.8177
2009-12-01,Hoteles y restaurantes,Real,  924.8214
2010-03-01,Hoteles y restaurantes,Real,  996.8569
2010-06-01,Hoteles y restaurantes,Real,  878.2981
2010-09-01,Hoteles y restaurantes,Real,  962.7656
2010-12-01,Hoteles y restaurantes,Real,  963.9088
2011-03-01,Hoteles y restaurantes,Real,  979.1480
2011-06-01,Hoteles y restaurantes,Real,  981.3016
2011-09-01,Hoteles y restaurantes,Real,  990.9943
2011-12-01,Hoteles y restaurantes,Real, 1035.3739
2012-03-01,Hoteles y restaurantes,Real, 1092.8060
2012-06-01,Hoteles y restaurantes,Real, 1019.8634
2012-09-01,Hoteles y restaurantes,Real, 1031.7520
2012-12-01,Hoteles y restaurantes,Real, 1138.6643
2013-03-01,Hoteles y restaurantes,Real, 1178.3489
2013-06-01,Hoteles y restaurantes,Real, 1071.2366
2013-09-01,Hoteles y restaurantes,Real, 1089.2110
2013-12-01,Hoteles y restaurantes,Real, 1198.3387
2014-03-01,Hoteles y restaurantes,Real, 1166.4131
2014-06-01,Hoteles y restaurantes,Real, 1129.6926
2014-09-01,Hoteles y restaurantes,Real, 1095.3859
2014-12-01,Hoteles y restaurantes,Real, 1263.4802
2015-03-01,Hoteles y restaurantes,Real, 1235.1388
2015-06-01,Hoteles y restaurantes,Real, 1140.5703
2015-09-01,Hoteles y restaurantes,Real, 1144.7524
2015-12-01,Hoteles y restaurantes,Real, 1315.3395
2016-03-01,Hoteles y restaurantes,Real, 1286.7728
2016-06-01,Hoteles y restaurantes,Real, 1155.3025
2016-09-01,Hoteles y restaurantes,Real, 1172.6440
2016-12-01,Hoteles y restaurantes,Real, 1525.0833
2017-03-01,Hoteles y restaurantes,Real, 1478.8329
2017-06-01,Hoteles y restaurantes,Real, 1329.6404
2017-09-01,Hoteles y restaurantes,Real, 1330.4239
2017-12-01,Hoteles y restaurantes,Real, 1759.1195
2018-03-01,Hoteles y restaurantes,Real, 1747.8020
2018-06-01,Hoteles y restaurantes,Real,  910.5193
2018-09-01,Hoteles y restaurantes,Real,  858.0112
2018-12-01,Hoteles y restaurantes,Real, 1190.2848
2019-03-01,Hoteles y restaurantes,Real, 1196.2252
2019-06-01,Hoteles y restaurantes,Real, 1085.1725
2019-09-01,Hoteles y restaurantes,Real, 1129.5900
2019-12-01,Hoteles y restaurantes,Real, 1456.8549
2020-03-01,Hoteles y restaurantes,Real, 1280.2679
2020-06-01,Hoteles y restaurantes,Real,  510.0539
2006-03-01,Transporte y comunicaciones,Real, 1750.9020
2006-06-01,Transporte y comunicaciones,Real, 1849.62457
2006-09-01,Transporte y comunicaciones,Real, 1706.2826
2006-12-01,Transporte y comunicaciones,Real, 1821.3255
2007-03-01,Transporte y comunicaciones,Real, 2001.1168
2007-06-01,Transporte y comunicaciones,Real, 2066.7761
2007-09-01,Transporte y comunicaciones,Real, 1947.4126
2007-12-01,Transporte y comunicaciones,Real, 2311.3778
2008-03-01,Transporte y comunicaciones,Real, 2118.7683
2008-06-01,Transporte y comunicaciones,Real, 2244.8899
2008-09-01,Transporte y comunicaciones,Real, 2149.1237
2008-12-01,Transporte y comunicaciones,Real, 2323.2384
2009-03-01,Transporte y comunicaciones,Real, 2136.7006
2009-06-01,Transporte y comunicaciones,Real, 2289.6396
2009-09-01,Transporte y comunicaciones,Real, 2052.6197
2009-12-01,Transporte y comunicaciones,Real, 2285.5385
2010-03-01,Transporte y comunicaciones,Real, 2410.1907
2010-06-01,Transporte y comunicaciones,Real, 2644.2920
2010-09-01,Transporte y comunicaciones,Real, 2438.5126
2010-12-01,Transporte y comunicaciones,Real, 2806.4721
2011-03-01,Transporte y comunicaciones,Real, 2676.8310
2011-06-01,Transporte y comunicaciones,Real, 2912.2702
2011-09-01,Transporte y comunicaciones,Real, 2857.3009
2011-12-01,Transporte y comunicaciones,Real, 3154.5840
2012-03-01,Transporte y comunicaciones,Real, 2876.5379
2012-06-01,Transporte y comunicaciones,Real, 3206.1804
2012-09-01,Transporte y comunicaciones,Real, 2953.2986
2012-12-01,Transporte y comunicaciones,Real, 3258.1581
2013-03-01,Transporte y comunicaciones,Real, 2936.8671
2013-06-01,Transporte y comunicaciones,Real, 3192.6286
2013-09-01,Transporte y comunicaciones,Real, 3215.0788
2013-12-01,Transporte y comunicaciones,Real, 3618.2080
2014-03-01,Transporte y comunicaciones,Real, 3199.9956
2014-06-01,Transporte y comunicaciones,Real, 3443.2753
2014-09-01,Transporte y comunicaciones,Real, 3305.5941
2014-12-01,Transporte y comunicaciones,Real, 3568.6939
2015-03-01,Transporte y comunicaciones,Real, 3349.9674
2015-06-01,Transporte y comunicaciones,Real, 3635.8313
2015-09-01,Transporte y comunicaciones,Real, 3646.2543
2015-12-01,Transporte y comunicaciones,Real, 3927.9919
2016-03-01,Transporte y comunicaciones,Real, 3443.7610
2016-06-01,Transporte y comunicaciones,Real, 4088.0737
2016-09-01,Transporte y comunicaciones,Real, 3956.7676
2016-12-01,Transporte y comunicaciones,Real, 4098.0314
2017-03-01,Transporte y comunicaciones,Real, 3643.0707
2017-06-01,Transporte y comunicaciones,Real, 4228.2566
2017-09-01,Transporte y comunicaciones,Real, 4134.3056
2017-12-01,Transporte y comunicaciones,Real, 4482.6697
2018-03-01,Transporte y comunicaciones,Real, 3892.4747
2018-06-01,Transporte y comunicaciones,Real, 4152.5279
2018-09-01,Transporte y comunicaciones,Real, 3851.7300
2018-12-01,Transporte y comunicaciones,Real, 3901.9616
2019-03-01,Transporte y comunicaciones,Real, 3384.3862
2019-06-01,Transporte y comunicaciones,Real, 3839.8651
2019-09-01,Transporte y comunicaciones,Real, 3611.2910
2019-12-01,Transporte y comunicaciones,Real, 3739.6815
2020-03-01,Transporte y comunicaciones,Real, 3223.7419
2020-06-01,Transporte y comunicaciones,Real, 3322.8877
2006-03-01,Financiero,Real, 1334.1385
2006-06-01,Financiero,Real, 1441.20096
2006-09-01,Financiero,Real, 1493.7423
2006-12-01,Financiero,Real, 1527.6662
2007-03-01,Financiero,Real, 1231.3812
2007-06-01,Financiero,Real, 1276.4724
2007-09-01,Financiero,Real, 1402.7387
2007-12-01,Financiero,Real, 1557.0864
2008-03-01,Financiero,Real, 1387.9546
2008-06-01,Financiero,Real, 1455.6416
2008-09-01,Financiero,Real, 1469.7221
2008-12-01,Financiero,Real, 1494.2219
2009-03-01,Financiero,Real, 1277.4547
2009-06-01,Financiero,Real, 1227.8602
2009-09-01,Financiero,Real, 1234.2346
2009-12-01,Financiero,Real, 1245.5143
2010-03-01,Financiero,Real, 1082.1084
2010-06-01,Financiero,Real, 1122.1849
2010-09-01,Financiero,Real, 1187.4773
2010-12-01,Financiero,Real, 1221.5498
2011-03-01,Financiero,Real, 1066.5461
2011-06-01,Financiero,Real, 1078.5195
2011-09-01,Financiero,Real, 1100.6808
2011-12-01,Financiero,Real, 1179.3222
2012-03-01,Financiero,Real, 1068.4209
2012-06-01,Financiero,Real, 1113.3903
2012-09-01,Financiero,Real, 1178.7232
2012-12-01,Financiero,Real, 1252.3965
2013-03-01,Financiero,Real, 1136.9248
2013-06-01,Financiero,Real, 1209.6089
2013-09-01,Financiero,Real, 1270.9263
2013-12-01,Financiero,Real, 1393.9424
2014-03-01,Financiero,Real, 1281.3861
2014-06-01,Financiero,Real, 1363.1421
2014-09-01,Financiero,Real, 1423.8062
2014-12-01,Financiero,Real, 1524.4924
2015-03-01,Financiero,Real, 1389.4745
2015-06-01,Financiero,Real, 1446.3116
2015-09-01,Financiero,Real, 1516.6188
2015-12-01,Financiero,Real, 1628.6392
2016-03-01,Financiero,Real, 1488.3754
2016-06-01,Financiero,Real, 1572.5149
2016-09-01,Financiero,Real, 1666.9143
2016-12-01,Financiero,Real, 1762.4612
2017-03-01,Financiero,Real, 1598.4750
2017-06-01,Financiero,Real, 1672.2678
2017-09-01,Financiero,Real, 1722.8777
2017-12-01,Financiero,Real, 1777.5526
2018-03-01,Financiero,Real, 1587.7256
2018-06-01,Financiero,Real, 1630.9262
2018-09-01,Financiero,Real, 1609.7741
2018-12-01,Financiero,Real, 1569.0212
2019-03-01,Financiero,Real, 1434.4291
2019-06-01,Financiero,Real, 1336.6521
2019-09-01,Financiero,Real, 1285.2993
2019-12-01,Financiero,Real, 1276.7678
2020-03-01,Financiero,Real, 1145.5940
2020-06-01,Financiero,Real, 1108.5716
2006-03-01,NA,Real, 2441.2043
2006-06-01,NA,Real, 2473.13292
2006-09-01,NA,Real, 2459.5199
2006-12-01,NA,Real, 2507.7882
2007-03-01,NA,Real, 2526.0007
2007-06-01,NA,Real, 2571.4374
2007-09-01,NA,Real, 2501.2555
2007-12-01,NA,Real, 2443.8442
2008-03-01,NA,Real, 2378.9531
2008-06-01,NA,Real, 2372.6370
2008-09-01,NA,Real, 2610.7682
2008-12-01,NA,Real, 2786.8922
2009-03-01,NA,Real, 2518.5488
2009-06-01,NA,Real, 2595.6691
2009-09-01,NA,Real, 2622.6115
2009-12-01,NA,Real, 2588.1636
2010-03-01,NA,Real, 2623.8992
2010-06-01,NA,Real, 2535.5027
2010-09-01,NA,Real, 2519.5682
2010-12-01,NA,Real, 2555.2696
2011-03-01,NA,Real, 2574.8525
2011-06-01,NA,Real, 2602.4432
2011-09-01,NA,Real, 2551.5519
2011-12-01,NA,Real, 2650.1033
2012-03-01,NA,Real, 2575.8128
2012-06-01,NA,Real, 2573.4355
2012-09-01,NA,Real, 2608.1403
2012-12-01,NA,Real, 2769.6811
2013-03-01,NA,Real, 2627.8137
2013-06-01,NA,Real, 2747.9765
2013-09-01,NA,Real, 2692.1092
2013-12-01,NA,Real, 2785.7725
2014-03-01,NA,Real, 2740.6195
2014-06-01,NA,Real, 2715.4450
2014-09-01,NA,Real, 2794.8175
2014-12-01,NA,Real, 2878.6864
2015-03-01,NA,Real, 2797.3552
2015-06-01,NA,Real, 2873.1419
2015-09-01,NA,Real, 2842.7489
2015-12-01,NA,Real, 2966.5113
2016-03-01,NA,Real, 2881.2465
2016-06-01,NA,Real, 2941.9984
2016-09-01,NA,Real, 2942.0695
2016-12-01,NA,Real, 3085.2488
2017-03-01,NA,Real, 2976.8131
2017-06-01,NA,Real, 3064.0397
2017-09-01,NA,Real, 3010.3326
2017-12-01,NA,Real, 3216.9583
2018-03-01,NA,Real, 2986.8612
2018-06-01,NA,Real, 3001.7511
2018-09-01,NA,Real, 2965.3866
2018-12-01,NA,Real, 3170.4107
2019-03-01,NA,Real, 2952.6502
2019-06-01,NA,Real, 2945.1416
2019-09-01,NA,Real, 2911.3064
2019-12-01,NA,Real, 3145.2500
2020-03-01,NA,Real, 2930.5953
2020-06-01,NA,Real, 2911.3582
2006-03-01,Administración pública y defensa,Real, 1505.5824
2006-06-01,Administración pública y defensa,Real, 1513.09315
2006-09-01,Administración pública y defensa,Real, 1519.6683
2006-12-01,Administración pública y defensa,Real, 1543.0858
2007-03-01,Administración pública y defensa,Real, 1536.3404
2007-06-01,Administración pública y defensa,Real, 1557.3718
2007-09-01,Administración pública y defensa,Real, 1600.0344
2007-12-01,Administración pública y defensa,Real, 1638.9193
2008-03-01,Administración pública y defensa,Real, 1685.7681
2008-06-01,Administración pública y defensa,Real, 1731.6451
2008-09-01,Administración pública y defensa,Real, 1766.0406
2008-12-01,Administración pública y defensa,Real, 1791.4008
2009-03-01,Administración pública y defensa,Real, 1811.9917
2009-06-01,Administración pública y defensa,Real, 1819.6771
2009-09-01,Administración pública y defensa,Real, 1838.4545
2009-12-01,Administración pública y defensa,Real, 1859.4861
2010-03-01,Administración pública y defensa,Real, 1882.6651
2010-06-01,Administración pública y defensa,Real, 1911.5471
2010-09-01,Administración pública y defensa,Real, 1932.2209
2010-12-01,Administración pública y defensa,Real, 1945.1922
2011-03-01,Administración pública y defensa,Real, 1980.5438
2011-06-01,Administración pública y defensa,Real, 2002.9120
2011-09-01,Administración pública y defensa,Real, 2028.1398
2011-12-01,Administración pública y defensa,Real, 2041.0583
2012-03-01,Administración pública y defensa,Real, 2021.0409
2012-06-01,Administración pública y defensa,Real, 2087.1430
2012-09-01,Administración pública y defensa,Real, 2124.1416
2012-12-01,Administración pública y defensa,Real, 2160.0635
2013-03-01,Administración pública y defensa,Real, 2190.9353
2013-06-01,Administración pública y defensa,Real, 2203.0561
2013-09-01,Administración pública y defensa,Real, 2226.0244
2013-12-01,Administración pública y defensa,Real, 2247.5314
2014-03-01,Administración pública y defensa,Real, 2274.6282
2014-06-01,Administración pública y defensa,Real, 2295.8638
2014-09-01,Administración pública y defensa,Real, 2325.7838
2014-12-01,Administración pública y defensa,Real, 2354.6128
2015-03-01,Administración pública y defensa,Real, 2366.1907
2015-06-01,Administración pública y defensa,Real, 2370.9804
2015-09-01,Administración pública y defensa,Real, 2393.2882
2015-12-01,Administración pública y defensa,Real, 2429.8871
2016-03-01,Administración pública y defensa,Real, 2452.8958
2016-06-01,Administración pública y defensa,Real, 2493.6038
2016-09-01,Administración pública y defensa,Real, 2570.7781
2016-12-01,Administración pública y defensa,Real, 2671.9835
2017-03-01,Administración pública y defensa,Real, 2675.5687
2017-06-01,Administración pública y defensa,Real, 2668.4666
2017-09-01,Administración pública y defensa,Real, 2702.5943
2017-12-01,Administración pública y defensa,Real, 2713.1913
2018-03-01,Administración pública y defensa,Real, 2710.9673
2018-06-01,Administración pública y defensa,Real, 2672.9646
2018-09-01,Administración pública y defensa,Real, 2678.5948
2018-12-01,Administración pública y defensa,Real, 2687.5707
2019-03-01,Administración pública y defensa,Real, 2678.4675
2019-06-01,Administración pública y defensa,Real, 2683.2911
2019-09-01,Administración pública y defensa,Real, 2719.8558
2019-12-01,Administración pública y defensa,Real, 2717.7133
2020-03-01,Administración pública y defensa,Real, 2733.8583
2020-06-01,Administración pública y defensa,Real, 2740.7524
2006-03-01,Enseñanza,Real, 1379.8593
2006-06-01,Enseñanza,Real, 1323.90041
2006-09-01,Enseñanza,Real, 1322.1067
2006-12-01,Enseñanza,Real, 1304.0342
2007-03-01,Enseñanza,Real, 1408.8701
2007-06-01,Enseñanza,Real, 1333.9375
2007-09-01,Enseñanza,Real, 1366.0826
2007-12-01,Enseñanza,Real, 1350.0505
2008-03-01,Enseñanza,Real, 1504.5863
2008-06-01,Enseñanza,Real, 1357.8848
2008-09-01,Enseñanza,Real, 1424.5103
2008-12-01,Enseñanza,Real, 1419.9238
2009-03-01,Enseñanza,Real, 1541.4116
2009-06-01,Enseñanza,Real, 1383.4956
2009-09-01,Enseñanza,Real, 1397.9610
2009-12-01,Enseñanza,Real, 1407.4947
2010-03-01,Enseñanza,Real, 1503.6801
2010-06-01,Enseñanza,Real, 1348.4198
2010-09-01,Enseñanza,Real, 1452.1058
2010-12-01,Enseñanza,Real, 1440.6273
2011-03-01,Enseñanza,Real, 1496.9782
2011-06-01,Enseñanza,Real, 1450.5387
2011-09-01,Enseñanza,Real, 1477.8919
2011-12-01,Enseñanza,Real, 1490.5872
2012-03-01,Enseñanza,Real, 1556.6262
2012-06-01,Enseñanza,Real, 1478.7251
2012-09-01,Enseñanza,Real, 1501.2897
2012-12-01,Enseñanza,Real, 1568.3312
2013-03-01,Enseñanza,Real, 1556.0883
2013-06-01,Enseñanza,Real, 1522.7224
2013-09-01,Enseñanza,Real, 1529.1819
2013-12-01,Enseñanza,Real, 1589.5850
2014-03-01,Enseñanza,Real, 1648.4167
2014-06-01,Enseñanza,Real, 1563.6424
2014-09-01,Enseñanza,Real, 1490.8343
2014-12-01,Enseñanza,Real, 1624.8242
2015-03-01,Enseñanza,Real, 1701.6901
2015-06-01,Enseñanza,Real, 1606.5685
2015-09-01,Enseñanza,Real, 1555.3888
2015-12-01,Enseñanza,Real, 1693.6869
2016-03-01,Enseñanza,Real, 1772.6838
2016-06-01,Enseñanza,Real, 1668.1669
2016-09-01,Enseñanza,Real, 1611.4782
2016-12-01,Enseñanza,Real, 1740.2083
2017-03-01,Enseñanza,Real, 1820.5202
2017-06-01,Enseñanza,Real, 1715.8106
2017-09-01,Enseñanza,Real, 1658.1070
2017-12-01,Enseñanza,Real, 1789.0036
2018-03-01,Enseñanza,Real, 1870.5049
2018-06-01,Enseñanza,Real, 1758.5734
2018-09-01,Enseñanza,Real, 1689.8370
2018-12-01,Enseñanza,Real, 1805.8815
2019-03-01,Enseñanza,Real, 1900.0259
2019-06-01,Enseñanza,Real, 1767.4407
2019-09-01,Enseñanza,Real, 1710.8881
2019-12-01,Enseñanza,Real, 1825.2602
2020-03-01,Enseñanza,Real, 1925.1809
2020-06-01,Enseñanza,Real, 1788.1106
2006-03-01,Salud,Real,  683.5871
2006-06-01,Salud,Real,  702.55890
2006-09-01,Salud,Real,  709.6650
2006-12-01,Salud,Real,  721.7311
2007-03-01,Salud,Real,  721.4563
2007-06-01,Salud,Real,  719.9723
2007-09-01,Salud,Real,  761.2301
2007-12-01,Salud,Real,  778.0450
2008-03-01,Salud,Real,  768.8101
2008-06-01,Salud,Real,  757.2081
2008-09-01,Salud,Real,  782.7760
2008-12-01,Salud,Real,  769.6152
2009-03-01,Salud,Real,  748.4645
2009-06-01,Salud,Real,  740.3872
2009-09-01,Salud,Real,  737.4596
2009-12-01,Salud,Real,  745.9799
2010-03-01,Salud,Real,  740.7859
2010-06-01,Salud,Real,  741.1047
2010-09-01,Salud,Real,  738.2569
2010-12-01,Salud,Real,  761.2881
2011-03-01,Salud,Real,  745.1885
2011-06-01,Salud,Real,  729.2876
2011-09-01,Salud,Real,  761.2795
2011-12-01,Salud,Real,  763.9360
2012-03-01,Salud,Real,  769.7251
2012-06-01,Salud,Real,  790.6888
2012-09-01,Salud,Real,  784.9158
2012-12-01,Salud,Real,  808.8844
2013-03-01,Salud,Real,  882.9241
2013-06-01,Salud,Real,  901.1602
2013-09-01,Salud,Real,  896.5379
2013-12-01,Salud,Real,  891.0553
2014-03-01,Salud,Real,  899.6351
2014-06-01,Salud,Real,  897.3146
2014-09-01,Salud,Real,  911.0574
2014-12-01,Salud,Real,  934.2322
2015-03-01,Salud,Real,  938.6930
2015-06-01,Salud,Real,  953.0629
2015-09-01,Salud,Real,  972.9623
2015-12-01,Salud,Real,  994.5986
2016-03-01,Salud,Real,  983.9712
2016-06-01,Salud,Real,  999.3935
2016-09-01,Salud,Real, 1021.3465
2016-12-01,Salud,Real, 1040.3522
2017-03-01,Salud,Real, 1058.1707
2017-06-01,Salud,Real, 1065.8977
2017-09-01,Salud,Real, 1093.3769
2017-12-01,Salud,Real, 1099.1829
2018-03-01,Salud,Real, 1084.8865
2018-06-01,Salud,Real, 1104.3384
2018-09-01,Salud,Real, 1122.6576
2018-12-01,Salud,Real, 1122.1069
2019-03-01,Salud,Real, 1104.7884
2019-06-01,Salud,Real, 1109.7393
2019-09-01,Salud,Real, 1128.4360
2019-12-01,Salud,Real, 1132.5724
2020-03-01,Salud,Real, 1134.9432
2020-06-01,Salud,Real, 1150.2059
2006-03-01,Otros servicios,Real, 2451.5403
2006-06-01,Otros servicios,Real, 2604.66023
2006-09-01,Otros servicios,Real, 2641.6889
2006-12-01,Otros servicios,Real, 2902.8934
2007-03-01,Otros servicios,Real, 2618.6850
2007-06-01,Otros servicios,Real, 2634.6948
2007-09-01,Otros servicios,Real, 2765.6521
2007-12-01,Otros servicios,Real, 3174.0497
2008-03-01,Otros servicios,Real, 2934.3025
2008-06-01,Otros servicios,Real, 3109.7127
2008-09-01,Otros servicios,Real, 3132.8224
2008-12-01,Otros servicios,Real, 3391.0253
2009-03-01,Otros servicios,Real, 2849.2362
2009-06-01,Otros servicios,Real, 3138.9097
2009-09-01,Otros servicios,Real, 3109.8309
2009-12-01,Otros servicios,Real, 3523.0256
2010-03-01,Otros servicios,Real, 3154.1259
2010-06-01,Otros servicios,Real, 3326.5703
2010-09-01,Otros servicios,Real, 3481.7155
2010-12-01,Otros servicios,Real, 3824.5536
2011-03-01,Otros servicios,Real, 3259.3701
2011-06-01,Otros servicios,Real, 3217.0115
2011-09-01,Otros servicios,Real, 3420.0800
2011-12-01,Otros servicios,Real, 3601.4446
2012-03-01,Otros servicios,Real, 3356.3675
2012-06-01,Otros servicios,Real, 3546.2244
2012-09-01,Otros servicios,Real, 3592.6268
2012-12-01,Otros servicios,Real, 3857.8461
2013-03-01,Otros servicios,Real, 3694.9716
2013-06-01,Otros servicios,Real, 3866.2082
2013-09-01,Otros servicios,Real, 3741.7984
2013-12-01,Otros servicios,Real, 3802.4797
2014-03-01,Otros servicios,Real, 3989.6595
2014-06-01,Otros servicios,Real, 4182.8597
2014-09-01,Otros servicios,Real, 4115.1700
2014-12-01,Otros servicios,Real, 4323.1545
2015-03-01,Otros servicios,Real, 4245.7375
2015-06-01,Otros servicios,Real, 4283.0937
2015-09-01,Otros servicios,Real, 4334.6857
2015-12-01,Otros servicios,Real, 4485.6764
2016-03-01,Otros servicios,Real, 4689.7500
2016-06-01,Otros servicios,Real, 4602.9317
2016-09-01,Otros servicios,Real, 4349.1029
2016-12-01,Otros servicios,Real, 4567.8252
2017-03-01,Otros servicios,Real, 4785.0146
2017-06-01,Otros servicios,Real, 4633.2016
2017-09-01,Otros servicios,Real, 4418.2934
2017-12-01,Otros servicios,Real, 4659.7000
2018-03-01,Otros servicios,Real, 4787.9724
2018-06-01,Otros servicios,Real, 4577.4708
2018-09-01,Otros servicios,Real, 4306.9020
2018-12-01,Otros servicios,Real, 4464.6544
2019-03-01,Otros servicios,Real, 4659.4608
2019-06-01,Otros servicios,Real, 4339.9607
2019-09-01,Otros servicios,Real, 3998.2006
2019-12-01,Otros servicios,Real, 4234.4035
2020-03-01,Otros servicios,Real, 4412.0391
2020-06-01,Otros servicios,Real, 4168.2642
